{
    "version": "0.4",
    "title": "05-Program Detail",
    "type": "page",
    "metadata": {
        "template_type": "single-page",
        "include_in_zip": "1",
        "elementor_pro_required": "1",
        "wp_page_template": "elementor_canvas"
    },
    "content": [
        {
            "id": "6aaadc1a",
            "settings": {
                "background_background": "classic",
                "background_image": {
                    "id": "965",
                    "url": "https:\/\/templatekit.tokomoo.com\/aviationkit\/wp-content\/uploads\/sites\/106\/2022\/09\/bg-hero-program-detail.jpg",
                    "alt": "",
                    "source": "library"
                },
                "background_position": "top center",
                "background_size": "cover",
                "background_overlay_background": "classic",
                "background_overlay_color_b": "#000000",
                "background_overlay_opacity": {
                    "unit": "px",
                    "size": "0.6",
                    "sizes": []
                },
                "background_repeat": "no-repeat",
                "margin": {
                    "unit": "em",
                    "top": "-7",
                    "right": "0",
                    "bottom": "0",
                    "left": "0",
                    "isLinked": ""
                },
                "padding": {
                    "unit": "em",
                    "top": "13",
                    "right": "0",
                    "bottom": "8",
                    "left": "0",
                    "isLinked": ""
                },
                "padding_tablet": {
                    "unit": "em",
                    "top": "12",
                    "right": "0",
                    "bottom": "6",
                    "left": "0",
                    "isLinked": ""
                },
                "padding_mobile": {
                    "unit": "em",
                    "top": "10",
                    "right": "0",
                    "bottom": "4",
                    "left": "0",
                    "isLinked": ""
                },
                "__globals__": {
                    "background_overlay_color": "globals\/colors?id=primary"
                },
                "background_size_tablet": "cover",
                "background_position_tablet": "top center",
                "background_attachment": "scroll",
                "_title": "Hero"
            },
            "elements": [
                {
                    "id": "510f6319",
                    "settings": {
                        "_column_size": "100"
                    },
                    "elements": [
                        {
                            "id": "6cb91ffa",
                            "settings": {
                                "title": "Flight Instructor Course",
                                "align": "center",
                                "header_size": "h1",
                                "_margin_tablet": {
                                    "unit": "em",
                                    "top": "0",
                                    "right": "0",
                                    "bottom": "-1",
                                    "left": "0",
                                    "isLinked": ""
                                },
                                "_animation": "fadeInDown",
                                "__globals__": {
                                    "title_color": "globals\/colors?id=7cf82fa"
                                }
                            },
                            "elements": [],
                            "isInner": false,
                            "widgetType": "heading",
                            "elType": "widget"
                        },
                        {
                            "id": "4417fd9a",
                            "settings": {
                                "content_position": "middle",
                                "margin": {
                                    "unit": "em",
                                    "top": "1",
                                    "right": "0",
                                    "bottom": "0",
                                    "left": "0",
                                    "isLinked": ""
                                },
                                "animation": "fadeInDown"
                            },
                            "elements": [
                                {
                                    "id": "3b37aad3",
                                    "settings": {
                                        "_column_size": "100",
                                        "padding": {
                                            "unit": "em",
                                            "top": "0",
                                            "right": "0",
                                            "bottom": "0",
                                            "left": "0",
                                            "isLinked": "1"
                                        },
                                        "content_position": "center",
                                        "align": "center"
                                    },
                                    "elements": [
                                        {
                                            "id": "254a6683",
                                            "settings": {
                                                "title": "Programs",
                                                "header_size": "h6",
                                                "align": "right",
                                                "link": {
                                                    "url": "#",
                                                    "is_external": "",
                                                    "nofollow": "",
                                                    "custom_attributes": ""
                                                },
                                                "__globals__": {
                                                    "title_color": "globals\/colors?id=7cf82fa"
                                                },
                                                "_margin": {
                                                    "unit": "px",
                                                    "top": "0",
                                                    "right": "12",
                                                    "bottom": "0",
                                                    "left": "0",
                                                    "isLinked": ""
                                                },
                                                "_element_width": "auto"
                                            },
                                            "elements": [],
                                            "isInner": false,
                                            "widgetType": "heading",
                                            "elType": "widget"
                                        },
                                        {
                                            "id": "23c1429",
                                            "settings": {
                                                "title": "Flight Instructor Course",
                                                "header_size": "h6",
                                                "align": "right",
                                                "__globals__": {
                                                    "title_color": "globals\/colors?id=accent",
                                                    "_border_color": "globals\/colors?id=accent"
                                                },
                                                "_margin": {
                                                    "unit": "px",
                                                    "top": "0",
                                                    "right": "0",
                                                    "bottom": "0",
                                                    "left": "0",
                                                    "isLinked": "1"
                                                },
                                                "_padding": {
                                                    "unit": "px",
                                                    "top": "0",
                                                    "right": "0",
                                                    "bottom": "0",
                                                    "left": "12",
                                                    "isLinked": ""
                                                },
                                                "_border_border": "solid",
                                                "_border_width": {
                                                    "unit": "px",
                                                    "top": "0",
                                                    "right": "0",
                                                    "bottom": "0",
                                                    "left": "2",
                                                    "isLinked": ""
                                                },
                                                "_element_width": "auto"
                                            },
                                            "elements": [],
                                            "isInner": false,
                                            "widgetType": "heading",
                                            "elType": "widget"
                                        }
                                    ],
                                    "isInner": "1",
                                    "elType": "column"
                                }
                            ],
                            "isInner": "1",
                            "elType": "section"
                        }
                    ],
                    "isInner": "",
                    "elType": "column"
                }
            ],
            "isInner": "",
            "elType": "section"
        },
        {
            "id": "196bcfab",
            "settings": {
                "padding": {
                    "unit": "em",
                    "top": "8",
                    "right": "0",
                    "bottom": "6",
                    "left": "0",
                    "isLinked": ""
                },
                "structure": "22",
                "background_background": "classic",
                "__globals__": {
                    "background_color": "globals\/colors?id=secondary"
                },
                "padding_tablet": {
                    "unit": "em",
                    "top": "5",
                    "right": "6",
                    "bottom": "5",
                    "left": "6",
                    "isLinked": ""
                },
                "padding_mobile": {
                    "unit": "em",
                    "top": "4",
                    "right": "1",
                    "bottom": "2",
                    "left": "1",
                    "isLinked": ""
                },
                "content_width": {
                    "unit": "px",
                    "size": "1300",
                    "sizes": []
                },
                "_title": "About the program"
            },
            "elements": [
                {
                    "id": "764067d2",
                    "settings": {
                        "_column_size": "66",
                        "padding_tablet": {
                            "unit": "%",
                            "top": "0",
                            "right": "8",
                            "bottom": "0",
                            "left": "0",
                            "isLinked": ""
                        },
                        "padding_mobile": {
                            "unit": "px",
                            "top": "0",
                            "right": "0",
                            "bottom": "0",
                            "left": "0",
                            "isLinked": ""
                        },
                        "padding": {
                            "unit": "%",
                            "top": "0",
                            "right": "10",
                            "bottom": "0",
                            "left": "0",
                            "isLinked": ""
                        },
                        "_inline_size_tablet": "100",
                        "_inline_size": "65.91",
                        "margin_tablet": {
                            "unit": "em",
                            "top": "0",
                            "right": "0",
                            "bottom": "3",
                            "left": "0",
                            "isLinked": ""
                        },
                        "margin_mobile": {
                            "unit": "em",
                            "top": "",
                            "right": "",
                            "bottom": "",
                            "left": "",
                            "isLinked": "1"
                        }
                    },
                    "elements": [
                        {
                            "id": "5042797",
                            "settings": {
                                "margin_mobile": {
                                    "unit": "px",
                                    "top": "",
                                    "right": "0",
                                    "bottom": "",
                                    "left": "0",
                                    "isLinked": "1"
                                }
                            },
                            "elements": [
                                {
                                    "id": "cd26c87",
                                    "settings": {
                                        "_column_size": "100",
                                        "margin": {
                                            "unit": "em",
                                            "top": "0",
                                            "right": "0",
                                            "bottom": "0",
                                            "left": "0",
                                            "isLinked": ""
                                        },
                                        "_inline_size_mobile": "100",
                                        "margin_mobile": {
                                            "unit": "px",
                                            "top": "0",
                                            "right": "0",
                                            "bottom": "0",
                                            "left": "0",
                                            "isLinked": ""
                                        },
                                        "padding_mobile": {
                                            "unit": "em",
                                            "top": "4",
                                            "right": "0",
                                            "bottom": "4",
                                            "left": "0",
                                            "isLinked": ""
                                        },
                                        "content_position": "center",
                                        "align": "center",
                                        "background_background": "classic",
                                        "background_image": {
                                            "id": "931",
                                            "url": "https:\/\/templatekit.tokomoo.com\/aviationkit\/wp-content\/uploads\/sites\/106\/2022\/09\/bg-video-program.jpg",
                                            "alt": "",
                                            "source": "library"
                                        },
                                        "background_position": "center center",
                                        "background_attachment": "scroll",
                                        "background_repeat": "no-repeat",
                                        "background_size": "cover",
                                        "border_radius": {
                                            "unit": "px",
                                            "top": "16",
                                            "right": "16",
                                            "bottom": "16",
                                            "left": "16",
                                            "isLinked": "1"
                                        },
                                        "padding": {
                                            "unit": "em",
                                            "top": "9",
                                            "right": "0",
                                            "bottom": "9",
                                            "left": "0",
                                            "isLinked": ""
                                        },
                                        "background_overlay_background": "classic",
                                        "background_overlay_opacity": {
                                            "unit": "px",
                                            "size": "0.3",
                                            "sizes": []
                                        },
                                        "background_overlay_hover_background": "classic",
                                        "background_overlay_hover_opacity": {
                                            "unit": "px",
                                            "size": "0.23",
                                            "sizes": []
                                        },
                                        "padding_tablet": {
                                            "unit": "em",
                                            "top": "6",
                                            "right": "0",
                                            "bottom": "6",
                                            "left": "0",
                                            "isLinked": ""
                                        },
                                        "__globals__": {
                                            "background_overlay_color": "globals\/colors?id=primary",
                                            "background_overlay_hover_color": "globals\/colors?id=primary"
                                        }
                                    },
                                    "elements": [
                                        {
                                            "id": "13fc08f6",
                                            "settings": {
                                                "selected_icon": {
                                                    "value": "fas fa-play-circle",
                                                    "library": "fa-solid"
                                                },
                                                "view": "stacked",
                                                "hover_animation": "grow",
                                                "size": {
                                                    "unit": "px",
                                                    "size": "64",
                                                    "sizes": []
                                                },
                                                "size_tablet": {
                                                    "unit": "px",
                                                    "size": "51",
                                                    "sizes": []
                                                },
                                                "size_mobile": {
                                                    "unit": "px",
                                                    "size": "38",
                                                    "sizes": []
                                                },
                                                "icon_padding": {
                                                    "unit": "px",
                                                    "size": "28",
                                                    "sizes": []
                                                },
                                                "__dynamic__": {
                                                    "link": "[elementor-tag id=\"089b844\" name=\"lightbox\" settings=\"%7B%22type%22%3A%22video%22%2C%22video_url%22%3A%22https%3A%2F%2Fwww.youtube.com%2Fwatch%3Fv%3DXHOmBV4js_E%22%7D\"]"
                                                },
                                                "__globals__": {
                                                    "primary_color": "globals\/colors?id=8796dbe",
                                                    "secondary_color": "globals\/colors?id=7cf82fa"
                                                }
                                            },
                                            "elements": [],
                                            "isInner": false,
                                            "widgetType": "icon",
                                            "elType": "widget"
                                        }
                                    ],
                                    "isInner": "1",
                                    "elType": "column"
                                }
                            ],
                            "isInner": "1",
                            "elType": "section"
                        },
                        {
                            "id": "6ef59040",
                            "settings": {
                                "title": "About the program",
                                "align_mobile": "left",
                                "header_size": "h3",
                                "_margin": {
                                    "unit": "em",
                                    "top": "2",
                                    "right": "0",
                                    "bottom": "0",
                                    "left": "0",
                                    "isLinked": ""
                                },
                                "_margin_tablet": {
                                    "unit": "em",
                                    "top": "2",
                                    "right": "0",
                                    "bottom": "0",
                                    "left": "0",
                                    "isLinked": ""
                                }
                            },
                            "elements": [],
                            "isInner": false,
                            "widgetType": "heading",
                            "elType": "widget"
                        },
                        {
                            "id": "748395cc",
                            "settings": {
                                "editor": "<p>Nisi ut aliquid ex ea commodi consequatur? Quis autem vel eum iure reprehenderit qui in ea voluptate velit esse quam. Ut enim ad minim veniam, quis nostrud exercitation ullamco. Nisi ut aliquid ex ea commodi consequatur? Quis autem vel eum iure reprehenderit qui in ea voluptate velit esse quam.<\/p><p>Nemo enim ipsam voluptatem quia voluptas sit aspernatur aut odit aut fugit. Totam rem aperiam. Quia consequuntur magni dolores eos qui ratione voluptatem sequi nesciunt. Ut enim ad minima veniam, quis nostrum exercitationem ullam corporis suscipit laboriosam.<\/p>",
                                "align_mobile": "left"
                            },
                            "elements": [],
                            "isInner": false,
                            "widgetType": "text-editor",
                            "elType": "widget"
                        },
                        {
                            "id": "7e5a9bb1",
                            "settings": {
                                "space": {
                                    "unit": "px",
                                    "size": "10",
                                    "sizes": []
                                }
                            },
                            "elements": [],
                            "isInner": false,
                            "widgetType": "spacer",
                            "elType": "widget"
                        },
                        {
                            "id": "6e9b4f1b",
                            "settings": {
                                "title": "Frequently Asked Questions",
                                "header_size": "h4"
                            },
                            "elements": [],
                            "isInner": false,
                            "widgetType": "heading",
                            "elType": "widget"
                        },
                        {
                            "id": "7e99f3d9",
                            "settings": {
                                "tabs": [
                                    {
                                        "tab_title": "What are the admission prerequisites and requirements?",
                                        "tab_content": "Lorem ipsum dolor sit amet, consectetur adipiscing elit. Ut elit tellus, luctus nec ullamcorper mattis, pulvinar dapibus leo.",
                                        "_id": "064cd8c"
                                    },
                                    {
                                        "tab_title": "What is a typical flight training day like?",
                                        "tab_content": "Lorem ipsum dolor sit amet, consectetur adipiscing elit. Ut elit tellus, luctus nec ullamcorper mattis, pulvinar dapibus leo.",
                                        "_id": "33216fa"
                                    },
                                    {
                                        "tab_title": "How should I prepare for my class date?",
                                        "tab_content": "Lorem ipsum dolor sit amet, consectetur adipiscing elit. Ut elit tellus, luctus nec ullamcorper mattis, pulvinar dapibus leo.",
                                        "_id": "c850939"
                                    },
                                    {
                                        "tab_title": "What is the uniform policy or dress code?",
                                        "tab_content": "Lorem ipsum dolor sit amet, consectetur adipiscing elit. Ut elit tellus, luctus nec ullamcorper mattis, pulvinar dapibus leo.",
                                        "_id": "f5fb7a8"
                                    },
                                    {
                                        "tab_title": "Why is Total Immersion Flight Training Best?",
                                        "tab_content": "Lorem ipsum dolor sit amet, consectetur adipiscing elit. Ut elit tellus, luctus nec ullamcorper mattis, pulvinar dapibus leo.",
                                        "_id": "5bfc3e2"
                                    }
                                ],
                                "selected_icon": {
                                    "value": "fas fa-chevron-down",
                                    "library": "fa-solid"
                                },
                                "selected_active_icon": {
                                    "value": "fas fa-chevron-up",
                                    "library": "fa-solid"
                                },
                                "border_width": {
                                    "unit": "px",
                                    "size": "1",
                                    "sizes": []
                                },
                                "space_between": {
                                    "unit": "px",
                                    "size": "0",
                                    "sizes": []
                                },
                                "title_color": "#262625",
                                "title_padding": {
                                    "unit": "em",
                                    "top": "1",
                                    "right": "1",
                                    "bottom": "1",
                                    "left": "1",
                                    "isLinked": ""
                                },
                                "icon_align": "right",
                                "icon_color": "#262625",
                                "content_padding": {
                                    "unit": "em",
                                    "top": "0",
                                    "right": "1",
                                    "bottom": "1",
                                    "left": "1",
                                    "isLinked": ""
                                },
                                "_margin": {
                                    "unit": "%",
                                    "top": "0",
                                    "right": "20",
                                    "bottom": "0",
                                    "left": "0",
                                    "isLinked": ""
                                },
                                "_element_custom_width": {
                                    "unit": "%",
                                    "size": "50",
                                    "sizes": []
                                },
                                "__globals__": {
                                    "tab_active_color": "",
                                    "title_color": "globals\/colors?id=f551526",
                                    "title_background": "",
                                    "icon_color": "globals\/colors?id=f551526",
                                    "icon_active_color": "",
                                    "title_typography_typography": "globals\/typography?id=fc65895",
                                    "content_background_color": "globals\/colors?id=92a4f96",
                                    "content_color": "globals\/colors?id=text",
                                    "_background_color": "globals\/colors?id=2cc825c",
                                    "border_color": "globals\/colors?id=5ef0de9"
                                },
                                "space_between_mobile": {
                                    "unit": "px",
                                    "size": "16",
                                    "sizes": []
                                },
                                "_margin_tablet": {
                                    "unit": "%",
                                    "top": "0",
                                    "right": "0",
                                    "bottom": "0",
                                    "left": "0",
                                    "isLinked": ""
                                },
                                "_margin_mobile": {
                                    "unit": "px",
                                    "top": "0",
                                    "right": "0",
                                    "bottom": "0",
                                    "left": "0",
                                    "isLinked": ""
                                },
                                "_element_width_mobile": "inherit",
                                "title_padding_tablet": {
                                    "unit": "em",
                                    "top": "",
                                    "right": "",
                                    "bottom": "",
                                    "left": "",
                                    "isLinked": "1"
                                },
                                "title_padding_mobile": {
                                    "unit": "em",
                                    "top": "1",
                                    "right": "0",
                                    "bottom": "1",
                                    "left": "0",
                                    "isLinked": ""
                                },
                                "icon_space": {
                                    "unit": "px",
                                    "size": "16",
                                    "sizes": []
                                },
                                "content_padding_tablet": {
                                    "unit": "em",
                                    "top": "",
                                    "right": "",
                                    "bottom": "",
                                    "left": "",
                                    "isLinked": "1"
                                },
                                "content_padding_mobile": {
                                    "unit": "em",
                                    "top": "0",
                                    "right": "0",
                                    "bottom": "1",
                                    "left": "0",
                                    "isLinked": ""
                                },
                                "_padding": {
                                    "unit": "px",
                                    "top": "0",
                                    "right": "0",
                                    "bottom": "0",
                                    "left": "0",
                                    "isLinked": ""
                                },
                                "_padding_tablet": {
                                    "unit": "em",
                                    "top": "",
                                    "right": "",
                                    "bottom": "",
                                    "left": "",
                                    "isLinked": "1"
                                },
                                "_padding_mobile": {
                                    "unit": "em",
                                    "top": "0",
                                    "right": "0",
                                    "bottom": "0",
                                    "left": "0",
                                    "isLinked": ""
                                },
                                "_border_radius": {
                                    "unit": "px",
                                    "top": "16",
                                    "right": "16",
                                    "bottom": "16",
                                    "left": "16",
                                    "isLinked": "1"
                                },
                                "border_color": "#2626251A",
                                "content_background_color": "#FFFFFF00",
                                "content_color": "#5C524D",
                                "_background_color": "#FFFFFF1A"
                            },
                            "elements": [],
                            "isInner": false,
                            "widgetType": "toggle",
                            "elType": "widget"
                        }
                    ],
                    "isInner": "",
                    "elType": "column"
                },
                {
                    "id": "3d4e44b3",
                    "settings": {
                        "_column_size": "33",
                        "padding_tablet": {
                            "unit": "px",
                            "top": "0",
                            "right": "0",
                            "bottom": "0",
                            "left": "0",
                            "isLinked": "1"
                        },
                        "padding_mobile": {
                            "unit": "px",
                            "top": "",
                            "right": "",
                            "bottom": "",
                            "left": "",
                            "isLinked": "1"
                        },
                        "padding": {
                            "unit": "px",
                            "top": "0",
                            "right": "0",
                            "bottom": "0",
                            "left": "0",
                            "isLinked": ""
                        },
                        "_inline_size_tablet": "100",
                        "margin_mobile": {
                            "unit": "em",
                            "top": "3",
                            "right": "0",
                            "bottom": "0",
                            "left": "0",
                            "isLinked": ""
                        },
                        "_inline_size": "34"
                    },
                    "elements": [
                        {
                            "id": "175bb3a7",
                            "settings": {
                                "margin_mobile": {
                                    "unit": "px",
                                    "top": "",
                                    "right": "0",
                                    "bottom": "",
                                    "left": "0",
                                    "isLinked": "1"
                                },
                                "background_background": "classic",
                                "border_radius": {
                                    "unit": "px",
                                    "top": "16",
                                    "right": "16",
                                    "bottom": "16",
                                    "left": "16",
                                    "isLinked": "1"
                                },
                                "box_shadow_box_shadow_type": "yes",
                                "box_shadow_box_shadow": {
                                    "horizontal": "0",
                                    "vertical": "10",
                                    "blur": "40",
                                    "spread": "0",
                                    "color": "rgba(5, 0.9999999999999998, 0.9999999999999998, 0.05)"
                                },
                                "padding": {
                                    "unit": "%",
                                    "top": "8",
                                    "right": "8",
                                    "bottom": "8",
                                    "left": "8",
                                    "isLinked": "1"
                                },
                                "__globals__": {
                                    "background_color": "globals\/colors?id=7cf82fa",
                                    "border_color": "globals\/colors?id=bafb870"
                                },
                                "border_border": "solid",
                                "border_width": {
                                    "unit": "px",
                                    "top": "1",
                                    "right": "1",
                                    "bottom": "1",
                                    "left": "1",
                                    "isLinked": "1"
                                }
                            },
                            "elements": [
                                {
                                    "id": "489c226a",
                                    "settings": {
                                        "_column_size": "100"
                                    },
                                    "elements": [
                                        {
                                            "id": "7c03a273",
                                            "settings": {
                                                "title": "It\u2019s easy to get started!",
                                                "header_size": "h4",
                                                "align_mobile": "center",
                                                "_margin": {
                                                    "unit": "em",
                                                    "top": "0",
                                                    "right": "0",
                                                    "bottom": "-1",
                                                    "left": "0",
                                                    "isLinked": ""
                                                },
                                                "__globals__": {
                                                    "title_color": ""
                                                },
                                                "_margin_tablet": {
                                                    "unit": "px",
                                                    "top": "0",
                                                    "right": "0",
                                                    "bottom": "-14",
                                                    "left": "0",
                                                    "isLinked": ""
                                                }
                                            },
                                            "elements": [],
                                            "isInner": false,
                                            "widgetType": "heading",
                                            "elType": "widget"
                                        },
                                        {
                                            "id": "49c794dc",
                                            "settings": {
                                                "text": "Divider",
                                                "__globals__": {
                                                    "color": "globals\/colors?id=5ef0de9"
                                                }
                                            },
                                            "elements": [],
                                            "isInner": false,
                                            "widgetType": "divider",
                                            "elType": "widget"
                                        },
                                        {
                                            "id": "3d316659",
                                            "settings": {
                                                "icon_list": [
                                                    {
                                                        "text": "Watchonline training lesson",
                                                        "selected_icon": {
                                                            "value": "fas fa-dot-circle",
                                                            "library": "fa-solid"
                                                        },
                                                        "_id": "a9b9a2d"
                                                    },
                                                    {
                                                        "text": "Complete a review quiz at the end",
                                                        "selected_icon": {
                                                            "value": "fas fa-dot-circle",
                                                            "library": "fa-solid"
                                                        },
                                                        "_id": "3fb5faf"
                                                    },
                                                    {
                                                        "text": "Schedule your Admissions Flight!",
                                                        "selected_icon": {
                                                            "value": "fas fa-dot-circle",
                                                            "library": "fa-solid"
                                                        },
                                                        "_id": "220cf7d"
                                                    }
                                                ],
                                                "space_between": {
                                                    "unit": "px",
                                                    "size": "14",
                                                    "sizes": []
                                                },
                                                "__globals__": {
                                                    "icon_color": "globals\/colors?id=primary",
                                                    "text_color": "globals\/colors?id=f551526"
                                                }
                                            },
                                            "elements": [],
                                            "isInner": false,
                                            "widgetType": "icon-list",
                                            "elType": "widget"
                                        },
                                        {
                                            "id": "53a9a637",
                                            "settings": {
                                                "text": "Get Started Now",
                                                "align": "justify",
                                                "align_mobile": "justify",
                                                "text_padding": {
                                                    "unit": "px",
                                                    "top": "13",
                                                    "right": "13",
                                                    "bottom": "13",
                                                    "left": "13",
                                                    "isLinked": "1"
                                                },
                                                "_margin": {
                                                    "unit": "em",
                                                    "top": "2",
                                                    "right": "0",
                                                    "bottom": "0",
                                                    "left": "0",
                                                    "isLinked": ""
                                                }
                                            },
                                            "elements": [],
                                            "isInner": false,
                                            "widgetType": "button",
                                            "elType": "widget"
                                        }
                                    ],
                                    "isInner": "1",
                                    "elType": "column"
                                }
                            ],
                            "isInner": "1",
                            "elType": "section"
                        },
                        {
                            "id": "264d0c70",
                            "settings": {
                                "space": {
                                    "unit": "px",
                                    "size": "10",
                                    "sizes": []
                                }
                            },
                            "elements": [],
                            "isInner": false,
                            "widgetType": "spacer",
                            "elType": "widget"
                        },
                        {
                            "id": "49f42fd7",
                            "settings": {
                                "margin_mobile": {
                                    "unit": "px",
                                    "top": "",
                                    "right": "0",
                                    "bottom": "",
                                    "left": "0",
                                    "isLinked": "1"
                                },
                                "background_background": "classic",
                                "border_radius": {
                                    "unit": "px",
                                    "top": "16",
                                    "right": "16",
                                    "bottom": "16",
                                    "left": "16",
                                    "isLinked": "1"
                                },
                                "box_shadow_box_shadow_type": "yes",
                                "box_shadow_box_shadow": {
                                    "horizontal": "0",
                                    "vertical": "10",
                                    "blur": "40",
                                    "spread": "0",
                                    "color": "rgba(5, 0.9999999999999998, 0.9999999999999998, 0.05)"
                                },
                                "padding": {
                                    "unit": "%",
                                    "top": "8",
                                    "right": "8",
                                    "bottom": "8",
                                    "left": "8",
                                    "isLinked": "1"
                                },
                                "__globals__": {
                                    "background_color": "globals\/colors?id=7cf82fa",
                                    "border_color": "globals\/colors?id=bafb870"
                                },
                                "border_border": "solid",
                                "border_width": {
                                    "unit": "px",
                                    "top": "1",
                                    "right": "1",
                                    "bottom": "1",
                                    "left": "1",
                                    "isLinked": "1"
                                }
                            },
                            "elements": [
                                {
                                    "id": "18dc87c9",
                                    "settings": {
                                        "_column_size": "100"
                                    },
                                    "elements": [
                                        {
                                            "id": "3a578ab0",
                                            "settings": {
                                                "selected_icon": {
                                                    "value": "fas fa-money-bill-wave-alt",
                                                    "library": "fa-solid"
                                                },
                                                "view": "stacked",
                                                "title_text": "Free Admissions Flight",
                                                "description_text": "Lorem ipsum dolor sit amet, consectetur adipiscing elit. Ut elit tellus, luctus nec ullamcorper mattis, pulvinar dapibus leo.",
                                                "title_size": "h5",
                                                "icon_size": {
                                                    "unit": "px",
                                                    "size": "35",
                                                    "sizes": []
                                                },
                                                "icon_size_mobile": {
                                                    "unit": "px",
                                                    "size": "32",
                                                    "sizes": []
                                                },
                                                "icon_padding": {
                                                    "unit": "px",
                                                    "size": "24",
                                                    "sizes": []
                                                },
                                                "icon_padding_mobile": {
                                                    "unit": "px",
                                                    "size": "21",
                                                    "sizes": []
                                                },
                                                "text_align": "left",
                                                "__globals__": {
                                                    "primary_color": "globals\/colors?id=accent",
                                                    "secondary_color": "globals\/colors?id=f551526"
                                                }
                                            },
                                            "elements": [],
                                            "isInner": false,
                                            "widgetType": "icon-box",
                                            "elType": "widget"
                                        },
                                        {
                                            "id": "2a3aa816",
                                            "settings": {
                                                "text": "Learn More",
                                                "align": "justify",
                                                "align_mobile": "justify",
                                                "text_padding": {
                                                    "unit": "px",
                                                    "top": "13",
                                                    "right": "13",
                                                    "bottom": "13",
                                                    "left": "13",
                                                    "isLinked": "1"
                                                },
                                                "_margin": {
                                                    "unit": "em",
                                                    "top": "1",
                                                    "right": "0",
                                                    "bottom": "0",
                                                    "left": "0",
                                                    "isLinked": ""
                                                },
                                                "border_border": "solid",
                                                "__globals__": {
                                                    "button_text_color": "globals\/colors?id=f551526",
                                                    "background_color": "globals\/colors?id=92a4f96",
                                                    "border_color": "globals\/colors?id=f551526",
                                                    "hover_color": "globals\/colors?id=f551526",
                                                    "button_hover_border_color": "globals\/colors?id=f551526",
                                                    "button_background_hover_color": "globals\/colors?id=5ef0de9"
                                                }
                                            },
                                            "elements": [],
                                            "isInner": false,
                                            "widgetType": "button",
                                            "elType": "widget"
                                        }
                                    ],
                                    "isInner": "1",
                                    "elType": "column"
                                }
                            ],
                            "isInner": "1",
                            "elType": "section"
                        },
                        {
                            "id": "337e7304",
                            "settings": {
                                "space": {
                                    "unit": "px",
                                    "size": "12",
                                    "sizes": []
                                },
                                "space_mobile": {
                                    "unit": "px",
                                    "size": "34",
                                    "sizes": []
                                }
                            },
                            "elements": [],
                            "isInner": false,
                            "widgetType": "spacer",
                            "elType": "widget"
                        }
                    ],
                    "isInner": "",
                    "elType": "column"
                }
            ],
            "isInner": "",
            "elType": "section"
        },
        {
            "id": "7ecf0614",
            "settings": {
                "padding": {
                    "unit": "em",
                    "top": "0",
                    "right": "0",
                    "bottom": "6",
                    "left": "0",
                    "isLinked": ""
                },
                "__globals__": {
                    "background_color": "globals\/colors?id=primary"
                },
                "padding_tablet": {
                    "unit": "em",
                    "top": "0",
                    "right": "1",
                    "bottom": "4",
                    "left": "1",
                    "isLinked": ""
                },
                "padding_mobile": {
                    "unit": "em",
                    "top": "0",
                    "right": "1",
                    "bottom": "5",
                    "left": "1",
                    "isLinked": ""
                },
                "content_width": {
                    "unit": "px",
                    "size": "1300",
                    "sizes": []
                },
                "_title": "Gallery"
            },
            "elements": [
                {
                    "id": "2343629e",
                    "settings": {
                        "_column_size": "100",
                        "padding_tablet": {
                            "unit": "px",
                            "top": "0",
                            "right": "0",
                            "bottom": "0",
                            "left": "0",
                            "isLinked": ""
                        },
                        "padding_mobile": {
                            "unit": "px",
                            "top": "0",
                            "right": "0",
                            "bottom": "0",
                            "left": "0",
                            "isLinked": ""
                        }
                    },
                    "elements": [
                        {
                            "id": "458178e4",
                            "settings": {
                                "text": "Divider",
                                "gap": {
                                    "unit": "px",
                                    "size": "50",
                                    "sizes": []
                                },
                                "_margin": {
                                    "unit": "em",
                                    "top": "0",
                                    "right": "0",
                                    "bottom": "3",
                                    "left": "0",
                                    "isLinked": ""
                                },
                                "_margin_tablet": {
                                    "unit": "em",
                                    "top": "0",
                                    "right": "0",
                                    "bottom": "0",
                                    "left": "0",
                                    "isLinked": "1"
                                },
                                "_margin_mobile": {
                                    "unit": "em",
                                    "top": "0",
                                    "right": "0",
                                    "bottom": "0",
                                    "left": "0",
                                    "isLinked": "1"
                                },
                                "__globals__": {
                                    "color": "globals\/colors?id=5ef0de9"
                                }
                            },
                            "elements": [],
                            "isInner": false,
                            "widgetType": "divider",
                            "elType": "widget"
                        },
                        {
                            "id": "61a32d98",
                            "settings": {
                                "title": "Gallery",
                                "header_size": "h6",
                                "align": "center",
                                "__globals__": {
                                    "title_color": "globals\/colors?id=5aec34c",
                                    "typography_typography": "globals\/typography?id=3110a19"
                                },
                                "align_mobile": "center",
                                "_animation": "fadeInUp"
                            },
                            "elements": [],
                            "isInner": false,
                            "widgetType": "heading",
                            "elType": "widget"
                        },
                        {
                            "id": "50665827",
                            "settings": {
                                "title": "Program overview",
                                "align": "center",
                                "_margin": {
                                    "unit": "px",
                                    "top": "-8",
                                    "right": "0",
                                    "bottom": "0",
                                    "left": "0",
                                    "isLinked": ""
                                },
                                "_padding": {
                                    "unit": "em",
                                    "top": "0",
                                    "right": "0",
                                    "bottom": "2",
                                    "left": "0",
                                    "isLinked": ""
                                },
                                "_padding_tablet": {
                                    "unit": "em",
                                    "top": "0",
                                    "right": "0",
                                    "bottom": "1",
                                    "left": "0",
                                    "isLinked": ""
                                },
                                "_animation": "fadeInUp",
                                "__globals__": {
                                    "title_color": ""
                                }
                            },
                            "elements": [],
                            "isInner": false,
                            "widgetType": "heading",
                            "elType": "widget"
                        },
                        {
                            "id": "77184bc1",
                            "settings": {
                                "structure": "30",
                                "gap": "custom",
                                "gap_columns_custom": {
                                    "unit": "px",
                                    "size": "6",
                                    "sizes": []
                                }
                            },
                            "elements": [
                                {
                                    "id": "505f825f",
                                    "settings": {
                                        "_column_size": "33"
                                    },
                                    "elements": [
                                        {
                                            "id": "602f8294",
                                            "settings": {
                                                "image": {
                                                    "id": "424",
                                                    "url": "https:\/\/templatekit.tokomoo.com\/aviationkit\/wp-content\/uploads\/sites\/106\/2022\/09\/gallery-3.jpg",
                                                    "alt": "",
                                                    "source": "library"
                                                },
                                                "image_size": "full",
                                                "css_filters_saturate": {
                                                    "unit": "px",
                                                    "size": "0",
                                                    "sizes": []
                                                },
                                                "link_to": "file",
                                                "open_lightbox": "yes",
                                                "space": {
                                                    "unit": "%",
                                                    "size": "100",
                                                    "sizes": []
                                                },
                                                "height": {
                                                    "unit": "px",
                                                    "size": "320",
                                                    "sizes": []
                                                },
                                                "object-fit": "cover",
                                                "hover_animation": "shrink",
                                                "image_border_radius": {
                                                    "unit": "px",
                                                    "top": "",
                                                    "right": "",
                                                    "bottom": "",
                                                    "left": "",
                                                    "isLinked": "1"
                                                },
                                                "height_tablet": {
                                                    "unit": "px",
                                                    "size": "200",
                                                    "sizes": []
                                                },
                                                "image_border_radius_tablet": {
                                                    "unit": "px",
                                                    "top": "",
                                                    "right": "",
                                                    "bottom": "",
                                                    "left": "",
                                                    "isLinked": "1"
                                                },
                                                "height_mobile": {
                                                    "unit": "px",
                                                    "size": "170",
                                                    "sizes": []
                                                },
                                                "image_border_radius_mobile": {
                                                    "unit": "px",
                                                    "top": "",
                                                    "right": "",
                                                    "bottom": "",
                                                    "left": "",
                                                    "isLinked": "1"
                                                }
                                            },
                                            "elements": [],
                                            "isInner": false,
                                            "widgetType": "image",
                                            "elType": "widget"
                                        }
                                    ],
                                    "isInner": "1",
                                    "elType": "column"
                                },
                                {
                                    "id": "1137d11c",
                                    "settings": {
                                        "_column_size": "33",
                                        "_inline_size_mobile": "50"
                                    },
                                    "elements": [
                                        {
                                            "id": "7204645",
                                            "settings": {
                                                "image": {
                                                    "id": "423",
                                                    "url": "https:\/\/templatekit.tokomoo.com\/aviationkit\/wp-content\/uploads\/sites\/106\/2022\/09\/gallery-2.jpg",
                                                    "alt": "",
                                                    "source": "library"
                                                },
                                                "image_size": "full",
                                                "css_filters_saturate": {
                                                    "unit": "px",
                                                    "size": "0",
                                                    "sizes": []
                                                },
                                                "link_to": "file",
                                                "open_lightbox": "yes",
                                                "space": {
                                                    "unit": "%",
                                                    "size": "100",
                                                    "sizes": []
                                                },
                                                "height": {
                                                    "unit": "px",
                                                    "size": "320",
                                                    "sizes": []
                                                },
                                                "object-fit": "cover",
                                                "hover_animation": "shrink",
                                                "image_border_radius": {
                                                    "unit": "px",
                                                    "top": "",
                                                    "right": "",
                                                    "bottom": "",
                                                    "left": "",
                                                    "isLinked": "1"
                                                },
                                                "height_tablet": {
                                                    "unit": "px",
                                                    "size": "200",
                                                    "sizes": []
                                                },
                                                "height_mobile": {
                                                    "unit": "px",
                                                    "size": "110",
                                                    "sizes": []
                                                },
                                                "image_border_radius_tablet": {
                                                    "unit": "px",
                                                    "top": "",
                                                    "right": "",
                                                    "bottom": "",
                                                    "left": "",
                                                    "isLinked": "1"
                                                },
                                                "image_border_radius_mobile": {
                                                    "unit": "px",
                                                    "top": "",
                                                    "right": "",
                                                    "bottom": "",
                                                    "left": "",
                                                    "isLinked": "1"
                                                }
                                            },
                                            "elements": [],
                                            "isInner": false,
                                            "widgetType": "image",
                                            "elType": "widget"
                                        }
                                    ],
                                    "isInner": "1",
                                    "elType": "column"
                                },
                                {
                                    "id": "71e449e2",
                                    "settings": {
                                        "_column_size": "33",
                                        "_inline_size_mobile": "50"
                                    },
                                    "elements": [
                                        {
                                            "id": "294b351f",
                                            "settings": {
                                                "image": {
                                                    "id": "422",
                                                    "url": "https:\/\/templatekit.tokomoo.com\/aviationkit\/wp-content\/uploads\/sites\/106\/2022\/09\/gallery-1.jpg",
                                                    "alt": "",
                                                    "source": "library"
                                                },
                                                "image_size": "full",
                                                "css_filters_saturate": {
                                                    "unit": "px",
                                                    "size": "0",
                                                    "sizes": []
                                                },
                                                "link_to": "file",
                                                "open_lightbox": "yes",
                                                "space": {
                                                    "unit": "%",
                                                    "size": "100",
                                                    "sizes": []
                                                },
                                                "height": {
                                                    "unit": "px",
                                                    "size": "320",
                                                    "sizes": []
                                                },
                                                "object-fit": "cover",
                                                "hover_animation": "shrink",
                                                "image_border_radius": {
                                                    "unit": "px",
                                                    "top": "",
                                                    "right": "",
                                                    "bottom": "",
                                                    "left": "",
                                                    "isLinked": "1"
                                                },
                                                "height_tablet": {
                                                    "unit": "px",
                                                    "size": "200",
                                                    "sizes": []
                                                },
                                                "height_mobile": {
                                                    "unit": "px",
                                                    "size": "110",
                                                    "sizes": []
                                                },
                                                "image_border_radius_tablet": {
                                                    "unit": "px",
                                                    "top": "",
                                                    "right": "",
                                                    "bottom": "",
                                                    "left": "",
                                                    "isLinked": "1"
                                                },
                                                "image_border_radius_mobile": {
                                                    "unit": "px",
                                                    "top": "",
                                                    "right": "",
                                                    "bottom": "",
                                                    "left": "",
                                                    "isLinked": "1"
                                                }
                                            },
                                            "elements": [],
                                            "isInner": false,
                                            "widgetType": "image",
                                            "elType": "widget"
                                        }
                                    ],
                                    "isInner": "1",
                                    "elType": "column"
                                }
                            ],
                            "isInner": "1",
                            "elType": "section"
                        },
                        {
                            "id": "723c7982",
                            "settings": {
                                "structure": "32",
                                "gap": "custom",
                                "gap_columns_custom": {
                                    "unit": "px",
                                    "size": "6",
                                    "sizes": []
                                }
                            },
                            "elements": [
                                {
                                    "id": "3bc060ac",
                                    "settings": {
                                        "_column_size": "50",
                                        "_inline_size_mobile": "50"
                                    },
                                    "elements": [
                                        {
                                            "id": "6c4e0100",
                                            "settings": {
                                                "image": {
                                                    "id": "425",
                                                    "url": "https:\/\/templatekit.tokomoo.com\/aviationkit\/wp-content\/uploads\/sites\/106\/2022\/09\/gallery-4.jpg",
                                                    "alt": "",
                                                    "source": "library"
                                                },
                                                "image_size": "full",
                                                "css_filters_saturate": {
                                                    "unit": "px",
                                                    "size": "0",
                                                    "sizes": []
                                                },
                                                "link_to": "file",
                                                "open_lightbox": "yes",
                                                "space": {
                                                    "unit": "%",
                                                    "size": "100",
                                                    "sizes": []
                                                },
                                                "height": {
                                                    "unit": "px",
                                                    "size": "320",
                                                    "sizes": []
                                                },
                                                "object-fit": "cover",
                                                "hover_animation": "shrink",
                                                "image_border_radius": {
                                                    "unit": "px",
                                                    "top": "",
                                                    "right": "",
                                                    "bottom": "",
                                                    "left": "",
                                                    "isLinked": "1"
                                                },
                                                "height_tablet": {
                                                    "unit": "px",
                                                    "size": "200",
                                                    "sizes": []
                                                },
                                                "height_mobile": {
                                                    "unit": "px",
                                                    "size": "110",
                                                    "sizes": []
                                                },
                                                "image_border_radius_tablet": {
                                                    "unit": "px",
                                                    "top": "",
                                                    "right": "",
                                                    "bottom": "",
                                                    "left": "",
                                                    "isLinked": "1"
                                                },
                                                "image_border_radius_mobile": {
                                                    "unit": "px",
                                                    "top": "",
                                                    "right": "",
                                                    "bottom": "",
                                                    "left": "",
                                                    "isLinked": "1"
                                                }
                                            },
                                            "elements": [],
                                            "isInner": false,
                                            "widgetType": "image",
                                            "elType": "widget"
                                        }
                                    ],
                                    "isInner": "1",
                                    "elType": "column"
                                },
                                {
                                    "id": "690b232d",
                                    "settings": {
                                        "_column_size": "25",
                                        "_inline_size_mobile": "50"
                                    },
                                    "elements": [
                                        {
                                            "id": "17fdedcb",
                                            "settings": {
                                                "image": {
                                                    "id": "426",
                                                    "url": "https:\/\/templatekit.tokomoo.com\/aviationkit\/wp-content\/uploads\/sites\/106\/2022\/09\/gallery-5.jpg",
                                                    "alt": "",
                                                    "source": "library"
                                                },
                                                "image_size": "full",
                                                "css_filters_saturate": {
                                                    "unit": "px",
                                                    "size": "0",
                                                    "sizes": []
                                                },
                                                "link_to": "file",
                                                "open_lightbox": "yes",
                                                "space": {
                                                    "unit": "%",
                                                    "size": "100",
                                                    "sizes": []
                                                },
                                                "height": {
                                                    "unit": "px",
                                                    "size": "320",
                                                    "sizes": []
                                                },
                                                "object-fit": "cover",
                                                "hover_animation": "shrink",
                                                "image_border_radius": {
                                                    "unit": "px",
                                                    "top": "",
                                                    "right": "",
                                                    "bottom": "",
                                                    "left": "",
                                                    "isLinked": "1"
                                                },
                                                "height_tablet": {
                                                    "unit": "px",
                                                    "size": "200",
                                                    "sizes": []
                                                },
                                                "height_mobile": {
                                                    "unit": "px",
                                                    "size": "110",
                                                    "sizes": []
                                                },
                                                "image_border_radius_tablet": {
                                                    "unit": "px",
                                                    "top": "",
                                                    "right": "",
                                                    "bottom": "",
                                                    "left": "",
                                                    "isLinked": "1"
                                                },
                                                "image_border_radius_mobile": {
                                                    "unit": "px",
                                                    "top": "",
                                                    "right": "",
                                                    "bottom": "",
                                                    "left": "",
                                                    "isLinked": "1"
                                                }
                                            },
                                            "elements": [],
                                            "isInner": false,
                                            "widgetType": "image",
                                            "elType": "widget"
                                        }
                                    ],
                                    "isInner": "1",
                                    "elType": "column"
                                },
                                {
                                    "id": "29ad2951",
                                    "settings": {
                                        "_column_size": "25"
                                    },
                                    "elements": [
                                        {
                                            "id": "56045578",
                                            "settings": {
                                                "image": {
                                                    "id": "427",
                                                    "url": "https:\/\/templatekit.tokomoo.com\/aviationkit\/wp-content\/uploads\/sites\/106\/2022\/09\/gallery-6.jpg",
                                                    "alt": "",
                                                    "source": "library"
                                                },
                                                "image_size": "full",
                                                "css_filters_saturate": {
                                                    "unit": "px",
                                                    "size": "0",
                                                    "sizes": []
                                                },
                                                "link_to": "file",
                                                "open_lightbox": "yes",
                                                "space": {
                                                    "unit": "%",
                                                    "size": "100",
                                                    "sizes": []
                                                },
                                                "height": {
                                                    "unit": "px",
                                                    "size": "320",
                                                    "sizes": []
                                                },
                                                "object-fit": "cover",
                                                "hover_animation": "shrink",
                                                "image_border_radius": {
                                                    "unit": "px",
                                                    "top": "",
                                                    "right": "",
                                                    "bottom": "",
                                                    "left": "",
                                                    "isLinked": "1"
                                                },
                                                "height_tablet": {
                                                    "unit": "px",
                                                    "size": "200",
                                                    "sizes": []
                                                },
                                                "height_mobile": {
                                                    "unit": "px",
                                                    "size": "226",
                                                    "sizes": []
                                                },
                                                "image_border_radius_tablet": {
                                                    "unit": "px",
                                                    "top": "",
                                                    "right": "",
                                                    "bottom": "",
                                                    "left": "",
                                                    "isLinked": "1"
                                                },
                                                "image_border_radius_mobile": {
                                                    "unit": "px",
                                                    "top": "",
                                                    "right": "",
                                                    "bottom": "",
                                                    "left": "",
                                                    "isLinked": "1"
                                                }
                                            },
                                            "elements": [],
                                            "isInner": false,
                                            "widgetType": "image",
                                            "elType": "widget"
                                        }
                                    ],
                                    "isInner": "1",
                                    "elType": "column"
                                }
                            ],
                            "isInner": "1",
                            "elType": "section"
                        }
                    ],
                    "isInner": "",
                    "elType": "column"
                }
            ],
            "isInner": "",
            "elType": "section"
        }
    ]
}