{
    "version": "0.4",
    "title": "10-Contact",
    "type": "page",
    "metadata": {
        "template_type": "single-page",
        "include_in_zip": "1",
        "elementor_pro_required": "1",
        "wp_page_template": "elementor_canvas"
    },
    "content": [
        {
            "id": "7fe9958b",
            "settings": {
                "background_background": "classic",
                "padding": {
                    "unit": "em",
                    "top": "12",
                    "right": "0",
                    "bottom": "0",
                    "left": "0",
                    "isLinked": ""
                },
                "padding_tablet": {
                    "unit": "em",
                    "top": "11",
                    "right": "2",
                    "bottom": "0",
                    "left": "2",
                    "isLinked": ""
                },
                "padding_mobile": {
                    "unit": "em",
                    "top": "10",
                    "right": "0",
                    "bottom": "0",
                    "left": "0",
                    "isLinked": ""
                },
                "__globals__": {
                    "background_color": "globals\/colors?id=primary"
                },
                "margin": {
                    "unit": "em",
                    "top": "-7",
                    "right": "0",
                    "bottom": "0",
                    "left": "0",
                    "isLinked": ""
                },
                "_title": "Contact form"
            },
            "elements": [
                {
                    "id": "3dba278a",
                    "settings": {
                        "_column_size": "100",
                        "padding": {
                            "unit": "px",
                            "top": "0",
                            "right": "0",
                            "bottom": "0",
                            "left": "0",
                            "isLinked": ""
                        }
                    },
                    "elements": [
                        {
                            "id": "5c7a3ffe",
                            "settings": {
                                "title": "Contact Us",
                                "header_size": "h1",
                                "align": "center",
                                "_animation": "fadeInDown",
                                "__globals__": {
                                    "title_color": "globals\/colors?id=7cf82fa"
                                }
                            },
                            "elements": [],
                            "isInner": false,
                            "widgetType": "heading",
                            "elType": "widget"
                        },
                        {
                            "id": "433e2d3f",
                            "settings": {
                                "content_position": "middle",
                                "margin": {
                                    "unit": "em",
                                    "top": "1",
                                    "right": "0",
                                    "bottom": "0",
                                    "left": "0",
                                    "isLinked": ""
                                },
                                "animation": "fadeInDown"
                            },
                            "elements": [
                                {
                                    "id": "107fa953",
                                    "settings": {
                                        "_column_size": "100",
                                        "padding": {
                                            "unit": "em",
                                            "top": "0",
                                            "right": "0",
                                            "bottom": "0",
                                            "left": "0",
                                            "isLinked": "1"
                                        },
                                        "content_position": "center",
                                        "align": "center"
                                    },
                                    "elements": [
                                        {
                                            "id": "5a2928b5",
                                            "settings": {
                                                "title": "Home",
                                                "header_size": "h6",
                                                "align": "right",
                                                "link": {
                                                    "url": "#",
                                                    "is_external": "",
                                                    "nofollow": "",
                                                    "custom_attributes": ""
                                                },
                                                "__globals__": {
                                                    "title_color": "globals\/colors?id=7cf82fa"
                                                },
                                                "_margin": {
                                                    "unit": "px",
                                                    "top": "0",
                                                    "right": "12",
                                                    "bottom": "0",
                                                    "left": "0",
                                                    "isLinked": ""
                                                },
                                                "_element_width": "auto"
                                            },
                                            "elements": [],
                                            "isInner": false,
                                            "widgetType": "heading",
                                            "elType": "widget"
                                        },
                                        {
                                            "id": "69d28b80",
                                            "settings": {
                                                "title": "Contact",
                                                "header_size": "h6",
                                                "align": "right",
                                                "__globals__": {
                                                    "title_color": "globals\/colors?id=accent",
                                                    "_border_color": "globals\/colors?id=accent"
                                                },
                                                "_margin": {
                                                    "unit": "px",
                                                    "top": "0",
                                                    "right": "0",
                                                    "bottom": "0",
                                                    "left": "0",
                                                    "isLinked": "1"
                                                },
                                                "_padding": {
                                                    "unit": "px",
                                                    "top": "0",
                                                    "right": "0",
                                                    "bottom": "0",
                                                    "left": "12",
                                                    "isLinked": ""
                                                },
                                                "_border_border": "solid",
                                                "_border_width": {
                                                    "unit": "px",
                                                    "top": "0",
                                                    "right": "0",
                                                    "bottom": "0",
                                                    "left": "2",
                                                    "isLinked": ""
                                                },
                                                "_element_width": "auto"
                                            },
                                            "elements": [],
                                            "isInner": false,
                                            "widgetType": "heading",
                                            "elType": "widget"
                                        }
                                    ],
                                    "isInner": "1",
                                    "elType": "column"
                                }
                            ],
                            "isInner": "1",
                            "elType": "section"
                        },
                        {
                            "id": "56b4a0a7",
                            "settings": {
                                "structure": "20",
                                "background_background": "classic",
                                "border_radius": {
                                    "unit": "px",
                                    "top": "16",
                                    "right": "16",
                                    "bottom": "16",
                                    "left": "16",
                                    "isLinked": "1"
                                },
                                "border_radius_mobile": {
                                    "unit": "px",
                                    "top": "0",
                                    "right": "0",
                                    "bottom": "0",
                                    "left": "0",
                                    "isLinked": "1"
                                },
                                "box_shadow_box_shadow_type": "yes",
                                "box_shadow_box_shadow": {
                                    "horizontal": "0",
                                    "vertical": "10",
                                    "blur": "40",
                                    "spread": "0",
                                    "color": "rgba(5, 0.9999999999999998, 0.9999999999999998, 0.048)"
                                },
                                "margin": {
                                    "unit": "em",
                                    "top": "5",
                                    "right": "0",
                                    "bottom": "-16",
                                    "left": "0",
                                    "isLinked": ""
                                },
                                "margin_tablet": {
                                    "unit": "em",
                                    "top": "4",
                                    "right": "0",
                                    "bottom": "-10",
                                    "left": "0",
                                    "isLinked": ""
                                },
                                "margin_mobile": {
                                    "unit": "em",
                                    "top": "5",
                                    "right": "0",
                                    "bottom": "0",
                                    "left": "0",
                                    "isLinked": ""
                                },
                                "padding": {
                                    "unit": "%",
                                    "top": "6",
                                    "right": "6",
                                    "bottom": "6",
                                    "left": "6",
                                    "isLinked": "1"
                                },
                                "padding_tablet": {
                                    "unit": "em",
                                    "top": "4",
                                    "right": "5",
                                    "bottom": "4",
                                    "left": "5",
                                    "isLinked": ""
                                },
                                "padding_mobile": {
                                    "unit": "em",
                                    "top": "4",
                                    "right": "1.5",
                                    "bottom": "4",
                                    "left": "1.5",
                                    "isLinked": ""
                                },
                                "z_index": "1",
                                "__globals__": {
                                    "background_color": "globals\/colors?id=7cf82fa",
                                    "border_color": "globals\/colors?id=bafb870"
                                },
                                "border_border": "solid",
                                "border_width": {
                                    "unit": "px",
                                    "top": "1",
                                    "right": "1",
                                    "bottom": "1",
                                    "left": "1",
                                    "isLinked": "1"
                                }
                            },
                            "elements": [
                                {
                                    "id": "ee18eed",
                                    "settings": {
                                        "_column_size": "50",
                                        "content_position": "center",
                                        "border_border": "solid",
                                        "border_width": {
                                            "unit": "px",
                                            "top": "0",
                                            "right": "1",
                                            "bottom": "0",
                                            "left": "0",
                                            "isLinked": ""
                                        },
                                        "border_width_mobile": {
                                            "unit": "px",
                                            "top": "0",
                                            "right": "0",
                                            "bottom": "1",
                                            "left": "0",
                                            "isLinked": ""
                                        },
                                        "margin": {
                                            "unit": "%",
                                            "top": "0",
                                            "right": "0",
                                            "bottom": "0",
                                            "left": "0",
                                            "isLinked": "1"
                                        },
                                        "padding": {
                                            "unit": "%",
                                            "top": "0",
                                            "right": "24",
                                            "bottom": "0",
                                            "left": "0",
                                            "isLinked": ""
                                        },
                                        "padding_mobile": {
                                            "unit": "em",
                                            "top": "0",
                                            "right": "0",
                                            "bottom": "2",
                                            "left": "0",
                                            "isLinked": ""
                                        },
                                        "__globals__": {
                                            "background_color": "",
                                            "background_hover_color": "",
                                            "border_color": "globals\/colors?id=5ef0de9"
                                        },
                                        "_inline_size": "45",
                                        "_inline_size_tablet": "100",
                                        "border_width_tablet": {
                                            "unit": "px",
                                            "top": "0",
                                            "right": "0",
                                            "bottom": "1",
                                            "left": "0",
                                            "isLinked": ""
                                        },
                                        "margin_tablet": {
                                            "unit": "em",
                                            "top": "0",
                                            "right": "0",
                                            "bottom": "3",
                                            "left": "0",
                                            "isLinked": ""
                                        },
                                        "margin_mobile": {
                                            "unit": "em",
                                            "top": "0",
                                            "right": "0",
                                            "bottom": "2",
                                            "left": "0",
                                            "isLinked": ""
                                        },
                                        "padding_tablet": {
                                            "unit": "em",
                                            "top": "0",
                                            "right": "0",
                                            "bottom": "2",
                                            "left": "0",
                                            "isLinked": ""
                                        }
                                    },
                                    "elements": [
                                        {
                                            "id": "63fc8025",
                                            "settings": {
                                                "title": "Get in Touch",
                                                "align_mobile": "center"
                                            },
                                            "elements": [],
                                            "isInner": false,
                                            "widgetType": "heading",
                                            "elType": "widget"
                                        },
                                        {
                                            "id": "5ee2a828",
                                            "settings": {
                                                "align_mobile": "center",
                                                "editor": "<p>Lorem ipsum dolor sit amet, consectetur adipiscing elit. Ut elit tellus,<\/p>"
                                            },
                                            "elements": [],
                                            "isInner": false,
                                            "widgetType": "text-editor",
                                            "elType": "widget"
                                        },
                                        {
                                            "id": "3cb08e63",
                                            "settings": {
                                                "margin": {
                                                    "unit": "px",
                                                    "top": "0",
                                                    "right": "0",
                                                    "bottom": "24",
                                                    "left": "0",
                                                    "isLinked": ""
                                                },
                                                "padding_mobile": {
                                                    "unit": "px",
                                                    "top": "0",
                                                    "right": "0",
                                                    "bottom": "0",
                                                    "left": "0",
                                                    "isLinked": ""
                                                }
                                            },
                                            "elements": [
                                                {
                                                    "id": "12d60ee9",
                                                    "settings": {
                                                        "_column_size": "100",
                                                        "padding": {
                                                            "unit": "%",
                                                            "top": "0",
                                                            "right": "0",
                                                            "bottom": "0",
                                                            "left": "0",
                                                            "isLinked": "1"
                                                        },
                                                        "__globals__": {
                                                            "background_color": "",
                                                            "background_hover_color": ""
                                                        },
                                                        "_inline_size_mobile": "100"
                                                    },
                                                    "elements": [
                                                        {
                                                            "id": "11fb3504",
                                                            "settings": {
                                                                "selected_icon": {
                                                                    "value": "far fa-map",
                                                                    "library": "fa-regular"
                                                                },
                                                                "view": "stacked",
                                                                "title_text": "Address",
                                                                "description_text": "PO Box 1454 Pontera Vedra Beach, FL 32006",
                                                                "position": "left",
                                                                "title_size": "h6",
                                                                "icon_size": {
                                                                    "unit": "px",
                                                                    "size": "24",
                                                                    "sizes": []
                                                                },
                                                                "icon_padding": {
                                                                    "unit": "px",
                                                                    "size": "14",
                                                                    "sizes": []
                                                                },
                                                                "title_bottom_space": {
                                                                    "unit": "px",
                                                                    "size": "4",
                                                                    "sizes": []
                                                                },
                                                                "__globals__": {
                                                                    "primary_color": "globals\/colors?id=accent",
                                                                    "secondary_color": "globals\/colors?id=7cf82fa"
                                                                }
                                                            },
                                                            "elements": [],
                                                            "isInner": false,
                                                            "widgetType": "icon-box",
                                                            "elType": "widget"
                                                        },
                                                        {
                                                            "id": "7d78a32b",
                                                            "settings": {
                                                                "selected_icon": {
                                                                    "value": "fas fa-mobile-alt",
                                                                    "library": "fa-solid"
                                                                },
                                                                "view": "stacked",
                                                                "title_text": "Phone",
                                                                "description_text": "+62 876-543-210",
                                                                "position": "left",
                                                                "title_size": "h6",
                                                                "icon_size": {
                                                                    "unit": "px",
                                                                    "size": "24",
                                                                    "sizes": []
                                                                },
                                                                "icon_padding": {
                                                                    "unit": "px",
                                                                    "size": "14",
                                                                    "sizes": []
                                                                },
                                                                "title_bottom_space": {
                                                                    "unit": "px",
                                                                    "size": "4",
                                                                    "sizes": []
                                                                },
                                                                "__globals__": {
                                                                    "primary_color": "globals\/colors?id=accent",
                                                                    "secondary_color": "globals\/colors?id=7cf82fa"
                                                                }
                                                            },
                                                            "elements": [],
                                                            "isInner": false,
                                                            "widgetType": "icon-box",
                                                            "elType": "widget"
                                                        },
                                                        {
                                                            "id": "42324ea2",
                                                            "settings": {
                                                                "selected_icon": {
                                                                    "value": "far fa-envelope",
                                                                    "library": "fa-regular"
                                                                },
                                                                "view": "stacked",
                                                                "title_text": "Email",
                                                                "description_text": "contact@avationaly.com",
                                                                "position": "left",
                                                                "title_size": "h6",
                                                                "icon_size": {
                                                                    "unit": "px",
                                                                    "size": "24",
                                                                    "sizes": []
                                                                },
                                                                "icon_padding": {
                                                                    "unit": "px",
                                                                    "size": "14",
                                                                    "sizes": []
                                                                },
                                                                "title_bottom_space": {
                                                                    "unit": "px",
                                                                    "size": "4",
                                                                    "sizes": []
                                                                },
                                                                "__globals__": {
                                                                    "primary_color": "globals\/colors?id=accent",
                                                                    "secondary_color": "globals\/colors?id=7cf82fa"
                                                                }
                                                            },
                                                            "elements": [],
                                                            "isInner": false,
                                                            "widgetType": "icon-box",
                                                            "elType": "widget"
                                                        }
                                                    ],
                                                    "isInner": "1",
                                                    "elType": "column"
                                                }
                                            ],
                                            "isInner": "1",
                                            "elType": "section"
                                        }
                                    ],
                                    "isInner": "1",
                                    "elType": "column"
                                },
                                {
                                    "id": "7f2504ed",
                                    "settings": {
                                        "_column_size": "50",
                                        "border_width": {
                                            "unit": "px",
                                            "top": "1",
                                            "right": "1",
                                            "bottom": "1",
                                            "left": "1",
                                            "isLinked": "1"
                                        },
                                        "border_radius": {
                                            "unit": "px",
                                            "top": "0",
                                            "right": "0",
                                            "bottom": "0",
                                            "left": "0",
                                            "isLinked": "1"
                                        },
                                        "padding": {
                                            "unit": "%",
                                            "top": "0",
                                            "right": "0",
                                            "bottom": "0",
                                            "left": "14",
                                            "isLinked": ""
                                        },
                                        "margin_mobile": {
                                            "unit": "em",
                                            "top": "0",
                                            "right": "0",
                                            "bottom": "0",
                                            "left": "0",
                                            "isLinked": ""
                                        },
                                        "padding_mobile": {
                                            "unit": "em",
                                            "top": "3",
                                            "right": "0",
                                            "bottom": "0",
                                            "left": "0",
                                            "isLinked": ""
                                        },
                                        "__globals__": {
                                            "background_hover_color": ""
                                        },
                                        "content_position": "center",
                                        "margin": {
                                            "unit": "%",
                                            "top": "0",
                                            "right": "0",
                                            "bottom": "0",
                                            "left": "0",
                                            "isLinked": "1"
                                        },
                                        "_inline_size": "54.899",
                                        "_inline_size_tablet": "100",
                                        "padding_tablet": {
                                            "unit": "px",
                                            "top": "0",
                                            "right": "0",
                                            "bottom": "0",
                                            "left": "0",
                                            "isLinked": ""
                                        }
                                    },
                                    "elements": [
                                        {
                                            "id": "99c6e9d",
                                            "settings": {
                                                "form_name": "New Form",
                                                "form_fields": [
                                                    {
                                                        "custom_id": "name",
                                                        "field_label": "First Name",
                                                        "placeholder": "First Name",
                                                        "_id": "01adc4d",
                                                        "required": "true",
                                                        "previous_button": "",
                                                        "next_button": "",
                                                        "file_sizes": "",
                                                        "file_types": "",
                                                        "allow_multiple_upload": "",
                                                        "max_files": "",
                                                        "acceptance_text": "",
                                                        "checked_by_default": "",
                                                        "field_min": "",
                                                        "field_max": "",
                                                        "min_date": "",
                                                        "max_date": "",
                                                        "use_native_date": "",
                                                        "use_native_time": "",
                                                        "width": "50",
                                                        "rows": "4"
                                                    },
                                                    {
                                                        "custom_id": "field_65c7f76",
                                                        "field_label": "Last Name",
                                                        "placeholder": "Last Name",
                                                        "required": "true",
                                                        "previous_button": "",
                                                        "next_button": "",
                                                        "file_sizes": "",
                                                        "file_types": "",
                                                        "allow_multiple_upload": "",
                                                        "max_files": "",
                                                        "acceptance_text": "",
                                                        "checked_by_default": "",
                                                        "field_min": "",
                                                        "field_max": "",
                                                        "min_date": "",
                                                        "max_date": "",
                                                        "use_native_date": "",
                                                        "use_native_time": "",
                                                        "width": "50",
                                                        "rows": "4",
                                                        "_id": "65c7f76"
                                                    },
                                                    {
                                                        "custom_id": "email",
                                                        "field_type": "email",
                                                        "required": "true",
                                                        "field_label": "Email",
                                                        "placeholder": "Your Email",
                                                        "_id": "791c00c",
                                                        "previous_button": "",
                                                        "next_button": "",
                                                        "file_sizes": "",
                                                        "file_types": "",
                                                        "allow_multiple_upload": "",
                                                        "max_files": "",
                                                        "acceptance_text": "",
                                                        "checked_by_default": "",
                                                        "field_min": "",
                                                        "field_max": "",
                                                        "min_date": "",
                                                        "max_date": "",
                                                        "use_native_date": "",
                                                        "use_native_time": "",
                                                        "rows": "4"
                                                    },
                                                    {
                                                        "custom_id": "field_5b3497f",
                                                        "required": "true",
                                                        "field_label": "Subject",
                                                        "placeholder": "Your Subject",
                                                        "previous_button": "",
                                                        "next_button": "",
                                                        "file_sizes": "",
                                                        "file_types": "",
                                                        "allow_multiple_upload": "",
                                                        "max_files": "",
                                                        "acceptance_text": "",
                                                        "checked_by_default": "",
                                                        "field_min": "",
                                                        "field_max": "",
                                                        "min_date": "",
                                                        "max_date": "",
                                                        "use_native_date": "",
                                                        "use_native_time": "",
                                                        "rows": "4",
                                                        "_id": "5b3497f"
                                                    },
                                                    {
                                                        "custom_id": "message",
                                                        "field_type": "textarea",
                                                        "field_label": "Message",
                                                        "placeholder": "Your Message",
                                                        "_id": "d685755",
                                                        "required": "true",
                                                        "previous_button": "",
                                                        "next_button": "",
                                                        "file_sizes": "",
                                                        "file_types": "",
                                                        "allow_multiple_upload": "",
                                                        "max_files": "",
                                                        "acceptance_text": "",
                                                        "checked_by_default": "",
                                                        "field_min": "",
                                                        "field_max": "",
                                                        "min_date": "",
                                                        "max_date": "",
                                                        "use_native_date": "",
                                                        "use_native_time": "",
                                                        "rows": "5"
                                                    }
                                                ],
                                                "show_labels": "",
                                                "step_next_label": "Next",
                                                "step_previous_label": "Previous",
                                                "button_text": "Send Message",
                                                "email_content": "[all-fields]",
                                                "email_content_2": "[all-fields]",
                                                "success_message": "The form was sent successfully.",
                                                "error_message": "An error occurred.",
                                                "required_field_message": "This field is required.",
                                                "invalid_message": "There's something wrong. The form is invalid.",
                                                "column_gap": {
                                                    "unit": "px",
                                                    "size": "20",
                                                    "sizes": []
                                                },
                                                "row_gap": {
                                                    "unit": "px",
                                                    "size": "20",
                                                    "sizes": []
                                                },
                                                "field_background_color": "",
                                                "button_hover_color": "",
                                                "__globals__": {
                                                    "button_text_color": ""
                                                },
                                                "button_text_color": "",
                                                "previous_button_text_color": "",
                                                "previous_button_text_color_hover": "",
                                                "step_inactive_secondary_color": "",
                                                "button_width_tablet": "100",
                                                "button_align": "start",
                                                "button_align_tablet": "stretch",
                                                "input_size": "lg",
                                                "button_size": "lg"
                                            },
                                            "elements": [],
                                            "isInner": false,
                                            "widgetType": "form",
                                            "elType": "widget"
                                        }
                                    ],
                                    "isInner": "1",
                                    "elType": "column"
                                }
                            ],
                            "isInner": "1",
                            "elType": "section"
                        }
                    ],
                    "isInner": "",
                    "elType": "column"
                }
            ],
            "isInner": "",
            "elType": "section"
        },
        {
            "id": "e289a6f",
            "settings": {
                "content_width": {
                    "unit": "px",
                    "size": "830",
                    "sizes": []
                },
                "padding": {
                    "unit": "em",
                    "top": "23",
                    "right": "0",
                    "bottom": "6",
                    "left": "0",
                    "isLinked": ""
                },
                "padding_tablet": {
                    "unit": "em",
                    "top": "14",
                    "right": "4",
                    "bottom": "5",
                    "left": "4",
                    "isLinked": ""
                },
                "padding_mobile": {
                    "unit": "em",
                    "top": "5",
                    "right": "1",
                    "bottom": "5",
                    "left": "1",
                    "isLinked": ""
                },
                "_title": "FAQ"
            },
            "elements": [
                {
                    "id": "352e98aa",
                    "settings": {
                        "_column_size": "100"
                    },
                    "elements": [
                        {
                            "id": "3255aa79",
                            "settings": {
                                "margin": {
                                    "unit": "em",
                                    "top": "0",
                                    "right": "0",
                                    "bottom": "1",
                                    "left": "0",
                                    "isLinked": ""
                                },
                                "margin_tablet": {
                                    "unit": "em",
                                    "top": "",
                                    "right": "",
                                    "bottom": "",
                                    "left": "",
                                    "isLinked": "1"
                                },
                                "margin_mobile": {
                                    "unit": "em",
                                    "top": "",
                                    "right": "",
                                    "bottom": "",
                                    "left": "",
                                    "isLinked": "1"
                                },
                                "animation": "fadeInUp"
                            },
                            "elements": [
                                {
                                    "id": "52190017",
                                    "settings": {
                                        "_column_size": "100"
                                    },
                                    "elements": [
                                        {
                                            "id": "6198c371",
                                            "settings": {
                                                "title": "FAQ's",
                                                "header_size": "h6",
                                                "align": "center",
                                                "__globals__": {
                                                    "title_color": "globals\/colors?id=5aec34c",
                                                    "typography_typography": "globals\/typography?id=3110a19"
                                                },
                                                "align_mobile": "center"
                                            },
                                            "elements": [],
                                            "isInner": false,
                                            "widgetType": "heading",
                                            "elType": "widget"
                                        },
                                        {
                                            "id": "428dc0ec",
                                            "settings": {
                                                "title": "Frequently asked questiond",
                                                "align": "center"
                                            },
                                            "elements": [],
                                            "isInner": false,
                                            "widgetType": "heading",
                                            "elType": "widget"
                                        }
                                    ],
                                    "isInner": "1",
                                    "elType": "column"
                                }
                            ],
                            "isInner": "1",
                            "elType": "section"
                        },
                        {
                            "id": "627479c1",
                            "settings": {
                                "tabs": [
                                    {
                                        "tab_title": "What are the admission prerequisites and requirements?",
                                        "tab_content": "Lorem ipsum dolor sit amet, consectetur adipiscing elit. Ut elit tellus, luctus nec ullamcorper mattis, pulvinar dapibus leo.",
                                        "_id": "064cd8c"
                                    },
                                    {
                                        "tab_title": "What is a typical flight training day like?",
                                        "tab_content": "Lorem ipsum dolor sit amet, consectetur adipiscing elit. Ut elit tellus, luctus nec ullamcorper mattis, pulvinar dapibus leo.",
                                        "_id": "33216fa"
                                    },
                                    {
                                        "tab_title": "How should I prepare for my class date?",
                                        "tab_content": "Lorem ipsum dolor sit amet, consectetur adipiscing elit. Ut elit tellus, luctus nec ullamcorper mattis, pulvinar dapibus leo.",
                                        "_id": "c850939"
                                    },
                                    {
                                        "tab_title": "What is the uniform policy or dress code?",
                                        "tab_content": "Lorem ipsum dolor sit amet, consectetur adipiscing elit. Ut elit tellus, luctus nec ullamcorper mattis, pulvinar dapibus leo.",
                                        "_id": "f5fb7a8"
                                    },
                                    {
                                        "tab_title": "Why is Total Immersion Flight Training Best?",
                                        "tab_content": "Lorem ipsum dolor sit amet, consectetur adipiscing elit. Ut elit tellus, luctus nec ullamcorper mattis, pulvinar dapibus leo.",
                                        "_id": "5bfc3e2"
                                    },
                                    {
                                        "tab_title": "What is Aviationly's attendance policy?",
                                        "tab_content": "Lorem ipsum dolor sit amet, consectetur adipiscing elit. Ut elit tellus, luctus nec ullamcorper mattis, pulvinar dapibus leo.",
                                        "_id": "5ef8545"
                                    }
                                ],
                                "selected_icon": {
                                    "value": "fas fa-chevron-down",
                                    "library": "fa-solid"
                                },
                                "selected_active_icon": {
                                    "value": "fas fa-chevron-up",
                                    "library": "fa-solid"
                                },
                                "border_width": {
                                    "unit": "px",
                                    "size": "1",
                                    "sizes": []
                                },
                                "space_between": {
                                    "unit": "px",
                                    "size": "0",
                                    "sizes": []
                                },
                                "title_color": "#262625",
                                "title_padding": {
                                    "unit": "em",
                                    "top": "1.5",
                                    "right": "1.5",
                                    "bottom": "1",
                                    "left": "1.5",
                                    "isLinked": ""
                                },
                                "icon_align": "right",
                                "icon_color": "#262625",
                                "content_padding": {
                                    "unit": "em",
                                    "top": "0",
                                    "right": "1.5",
                                    "bottom": "1.5",
                                    "left": "1.5",
                                    "isLinked": ""
                                },
                                "_margin": {
                                    "unit": "%",
                                    "top": "0",
                                    "right": "0",
                                    "bottom": "0",
                                    "left": "0",
                                    "isLinked": ""
                                },
                                "_element_custom_width": {
                                    "unit": "%",
                                    "size": "50",
                                    "sizes": []
                                },
                                "__globals__": {
                                    "tab_active_color": "",
                                    "title_color": "globals\/colors?id=f551526",
                                    "title_background": "",
                                    "icon_color": "globals\/colors?id=f551526",
                                    "icon_active_color": "",
                                    "title_typography_typography": "globals\/typography?id=7f1387c",
                                    "content_background_color": "globals\/colors?id=92a4f96",
                                    "content_color": "globals\/colors?id=text",
                                    "_background_color": "globals\/colors?id=2cc825c",
                                    "border_color": "globals\/colors?id=5ef0de9"
                                },
                                "space_between_mobile": {
                                    "unit": "px",
                                    "size": "16",
                                    "sizes": []
                                },
                                "_margin_tablet": {
                                    "unit": "%",
                                    "top": "0",
                                    "right": "0",
                                    "bottom": "0",
                                    "left": "0",
                                    "isLinked": ""
                                },
                                "_margin_mobile": {
                                    "unit": "px",
                                    "top": "0",
                                    "right": "0",
                                    "bottom": "0",
                                    "left": "0",
                                    "isLinked": ""
                                },
                                "_element_width_mobile": "inherit",
                                "title_padding_tablet": {
                                    "unit": "em",
                                    "top": "",
                                    "right": "",
                                    "bottom": "",
                                    "left": "",
                                    "isLinked": "1"
                                },
                                "title_padding_mobile": {
                                    "unit": "em",
                                    "top": "1",
                                    "right": "0",
                                    "bottom": "1",
                                    "left": "0",
                                    "isLinked": ""
                                },
                                "icon_space": {
                                    "unit": "px",
                                    "size": "16",
                                    "sizes": []
                                },
                                "content_padding_tablet": {
                                    "unit": "em",
                                    "top": "",
                                    "right": "",
                                    "bottom": "",
                                    "left": "",
                                    "isLinked": "1"
                                },
                                "content_padding_mobile": {
                                    "unit": "em",
                                    "top": "0",
                                    "right": "0",
                                    "bottom": "1",
                                    "left": "0",
                                    "isLinked": ""
                                },
                                "_padding": {
                                    "unit": "px",
                                    "top": "0",
                                    "right": "0",
                                    "bottom": "0",
                                    "left": "0",
                                    "isLinked": ""
                                },
                                "_padding_tablet": {
                                    "unit": "em",
                                    "top": "",
                                    "right": "",
                                    "bottom": "",
                                    "left": "",
                                    "isLinked": "1"
                                },
                                "_padding_mobile": {
                                    "unit": "em",
                                    "top": "0",
                                    "right": "0",
                                    "bottom": "0",
                                    "left": "0",
                                    "isLinked": ""
                                },
                                "_border_radius": {
                                    "unit": "px",
                                    "top": "16",
                                    "right": "16",
                                    "bottom": "16",
                                    "left": "16",
                                    "isLinked": "1"
                                },
                                "border_color": "#2626251A",
                                "content_background_color": "#FFFFFF00",
                                "content_color": "#5C524D",
                                "_background_color": "#FFFFFF1A"
                            },
                            "elements": [],
                            "isInner": false,
                            "widgetType": "toggle",
                            "elType": "widget"
                        }
                    ],
                    "isInner": "",
                    "elType": "column"
                }
            ],
            "isInner": "",
            "elType": "section"
        },
        {
            "id": "77c9feca",
            "settings": {
                "structure": "20",
                "padding": {
                    "unit": "em",
                    "top": "7",
                    "right": "0",
                    "bottom": "7",
                    "left": "0",
                    "isLinked": ""
                },
                "content_position": "middle",
                "margin_tablet": {
                    "unit": "px",
                    "top": "",
                    "right": "0",
                    "bottom": "",
                    "left": "0",
                    "isLinked": "1"
                },
                "background_background": "classic",
                "__globals__": {
                    "background_color": "globals\/colors?id=primary",
                    "border_color": "globals\/colors?id=2cc825c"
                },
                "overflow": "hidden",
                "padding_tablet": {
                    "unit": "em",
                    "top": "5",
                    "right": "1",
                    "bottom": "5",
                    "left": "0",
                    "isLinked": ""
                },
                "padding_mobile": {
                    "unit": "em",
                    "top": "4",
                    "right": "0",
                    "bottom": "4",
                    "left": "0",
                    "isLinked": ""
                },
                "border_border": "solid",
                "border_width": {
                    "unit": "px",
                    "top": "0",
                    "right": "0",
                    "bottom": "1",
                    "left": "0",
                    "isLinked": ""
                },
                "_title": "Testimonial"
            },
            "elements": [
                {
                    "id": "7c76265",
                    "settings": {
                        "_column_size": "50",
                        "background_image": {
                            "id": "",
                            "url": "https:\/\/templatekit.tokomoo.com\/aviationkit\/wp-content\/plugins\/elementor\/assets\/images\/placeholder.png"
                        },
                        "background_position": "center center",
                        "background_repeat": "no-repeat",
                        "box_shadow_box_shadow": {
                            "horizontal": "0",
                            "vertical": "0",
                            "blur": "10",
                            "spread": "0",
                            "color": "#48FD4A"
                        },
                        "margin": {
                            "unit": "px",
                            "top": "0",
                            "right": "0",
                            "bottom": "0",
                            "left": "0",
                            "isLinked": "1"
                        },
                        "padding": {
                            "unit": "px",
                            "top": "0",
                            "right": "0",
                            "bottom": "0",
                            "left": "0",
                            "isLinked": "1"
                        },
                        "_inline_size": "43.833",
                        "_inline_size_tablet": "35",
                        "padding_tablet": {
                            "unit": "px",
                            "top": "",
                            "right": "",
                            "bottom": "",
                            "left": "",
                            "isLinked": "1"
                        },
                        "padding_mobile": {
                            "unit": "px",
                            "top": "",
                            "right": "",
                            "bottom": "",
                            "left": "",
                            "isLinked": "1"
                        },
                        "z_index": "2"
                    },
                    "elements": [
                        {
                            "id": "59ad97da",
                            "settings": {
                                "image": {
                                    "id": "406",
                                    "url": "https:\/\/templatekit.tokomoo.com\/aviationkit\/wp-content\/uploads\/sites\/106\/2022\/09\/testimonial.jpg",
                                    "alt": "",
                                    "source": "library"
                                },
                                "image_size": "full",
                                "image_custom_dimension": {
                                    "width": "388",
                                    "height": "494"
                                },
                                "image_box_shadow_box_shadow": {
                                    "horizontal": "-100",
                                    "vertical": "-99",
                                    "blur": "0",
                                    "spread": "-86",
                                    "color": "#48FD4A"
                                },
                                "align": "left",
                                "css_filters_saturate": {
                                    "unit": "px",
                                    "size": "0",
                                    "sizes": []
                                },
                                "css_filters_hover_css_filter": "custom",
                                "css_filters_hover_saturate": {
                                    "unit": "px",
                                    "size": "107",
                                    "sizes": []
                                },
                                "_margin": {
                                    "unit": "em",
                                    "top": "0",
                                    "right": "-6",
                                    "bottom": "0",
                                    "left": "0",
                                    "isLinked": ""
                                },
                                "align_tablet": "center",
                                "_padding_mobile": {
                                    "unit": "px",
                                    "top": "",
                                    "right": "",
                                    "bottom": "",
                                    "left": "",
                                    "isLinked": "1"
                                },
                                "width": {
                                    "unit": "%",
                                    "size": "100",
                                    "sizes": []
                                },
                                "height": {
                                    "unit": "px",
                                    "size": "500",
                                    "sizes": []
                                },
                                "object-fit": "cover",
                                "image_border_radius": {
                                    "unit": "px",
                                    "top": "",
                                    "right": "",
                                    "bottom": "",
                                    "left": "",
                                    "isLinked": "1"
                                },
                                "height_mobile": {
                                    "unit": "px",
                                    "size": "360",
                                    "sizes": []
                                },
                                "image_border_radius_mobile": {
                                    "unit": "px",
                                    "top": "0",
                                    "right": "0",
                                    "bottom": "0",
                                    "left": "0",
                                    "isLinked": "1"
                                },
                                "_margin_mobile": {
                                    "unit": "px",
                                    "top": "0",
                                    "right": "0",
                                    "bottom": "0",
                                    "left": "0",
                                    "isLinked": ""
                                }
                            },
                            "elements": [],
                            "isInner": false,
                            "widgetType": "image",
                            "elType": "widget"
                        }
                    ],
                    "isInner": "",
                    "elType": "column"
                },
                {
                    "id": "21448783",
                    "settings": {
                        "_column_size": "50",
                        "margin": {
                            "unit": "px",
                            "top": "0",
                            "right": "0",
                            "bottom": "0",
                            "left": "0",
                            "isLinked": ""
                        },
                        "padding": {
                            "unit": "px",
                            "top": "0",
                            "right": "0",
                            "bottom": "0",
                            "left": "0",
                            "isLinked": "1"
                        },
                        "_inline_size": "56",
                        "_inline_size_tablet": "65",
                        "content_position": "center",
                        "padding_tablet": {
                            "unit": "px",
                            "top": "0",
                            "right": "0",
                            "bottom": "0",
                            "left": "0",
                            "isLinked": "1"
                        },
                        "margin_tablet": {
                            "unit": "px",
                            "top": "0",
                            "right": "0",
                            "bottom": "0",
                            "left": "0",
                            "isLinked": ""
                        }
                    },
                    "elements": [
                        {
                            "id": "41966238",
                            "settings": {
                                "z_index": "2",
                                "margin_mobile": {
                                    "unit": "em",
                                    "top": "-7",
                                    "right": "0",
                                    "bottom": "0",
                                    "left": "0",
                                    "isLinked": ""
                                },
                                "padding_mobile": {
                                    "unit": "em",
                                    "top": "0",
                                    "right": "1",
                                    "bottom": "0",
                                    "left": "1",
                                    "isLinked": ""
                                },
                                "animation": "fadeIn"
                            },
                            "elements": [
                                {
                                    "id": "4a23fe",
                                    "settings": {
                                        "_column_size": "100",
                                        "background_background": "classic",
                                        "border_radius": {
                                            "unit": "px",
                                            "top": "16",
                                            "right": "16",
                                            "bottom": "16",
                                            "left": "16",
                                            "isLinked": "1"
                                        },
                                        "margin": {
                                            "unit": "em",
                                            "top": "0",
                                            "right": "0",
                                            "bottom": "0",
                                            "left": "0",
                                            "isLinked": "1"
                                        },
                                        "padding": {
                                            "unit": "%",
                                            "top": "8",
                                            "right": "8",
                                            "bottom": "8",
                                            "left": "8",
                                            "isLinked": "1"
                                        },
                                        "__globals__": {
                                            "background_color": "globals\/colors?id=secondary",
                                            "border_color": "globals\/colors?id=bafb870"
                                        },
                                        "box_shadow_box_shadow_type": "yes",
                                        "box_shadow_box_shadow": {
                                            "horizontal": "0",
                                            "vertical": "10",
                                            "blur": "40",
                                            "spread": "0",
                                            "color": "rgba(5, 0.9999999999999998, 0.9999999999999998, 0.05)"
                                        },
                                        "border_border": "solid",
                                        "border_width": {
                                            "unit": "px",
                                            "top": "1",
                                            "right": "1",
                                            "bottom": "1",
                                            "left": "1",
                                            "isLinked": "1"
                                        }
                                    },
                                    "elements": [
                                        {
                                            "id": "197f46e7",
                                            "settings": {
                                                "title": "Testimonial",
                                                "header_size": "h6",
                                                "align": "center",
                                                "__globals__": {
                                                    "title_color": "globals\/colors?id=5aec34c",
                                                    "typography_typography": "globals\/typography?id=3110a19"
                                                },
                                                "align_mobile": "center"
                                            },
                                            "elements": [],
                                            "isInner": false,
                                            "widgetType": "heading",
                                            "elType": "widget"
                                        },
                                        {
                                            "id": "4049aa96",
                                            "settings": {
                                                "title": "What our student say",
                                                "align": "center",
                                                "_margin": {
                                                    "unit": "px",
                                                    "top": "-8",
                                                    "right": "0",
                                                    "bottom": "0",
                                                    "left": "0",
                                                    "isLinked": ""
                                                },
                                                "__globals__": {
                                                    "typography_typography": ""
                                                },
                                                "typography_font_family": "Archivo Black",
                                                "typography_font_size": {
                                                    "unit": "px",
                                                    "size": "48",
                                                    "sizes": []
                                                },
                                                "typography_font_size_tablet": {
                                                    "unit": "px",
                                                    "size": "45",
                                                    "sizes": []
                                                },
                                                "typography_font_size_mobile": {
                                                    "unit": "px",
                                                    "size": "35",
                                                    "sizes": []
                                                },
                                                "typography_font_weight": "600",
                                                "typography_line_height": {
                                                    "unit": "em",
                                                    "size": "1.2",
                                                    "sizes": []
                                                },
                                                "typography_line_height_tablet": {
                                                    "unit": "em",
                                                    "size": "1.2",
                                                    "sizes": []
                                                },
                                                "header_size": "h3"
                                            },
                                            "elements": [],
                                            "isInner": false,
                                            "widgetType": "heading",
                                            "elType": "widget"
                                        },
                                        {
                                            "id": "75c201b1",
                                            "settings": {
                                                "editor": "<p>\"Aviationaly is worth much more than I paid. I couldn't have asked for more than this. The very best. Absolutely wonderful!\"<\/p>",
                                                "align": "center",
                                                "typography_font_family": "Montserrat",
                                                "typography_font_size": {
                                                    "unit": "px",
                                                    "size": "24",
                                                    "sizes": []
                                                },
                                                "typography_font_weight": "500",
                                                "typography_font_style": "italic",
                                                "_margin_tablet": {
                                                    "unit": "px",
                                                    "top": "0",
                                                    "right": "0",
                                                    "bottom": "0",
                                                    "left": "0",
                                                    "isLinked": "1"
                                                },
                                                "typography_font_size_mobile": {
                                                    "unit": "px",
                                                    "size": "18",
                                                    "sizes": []
                                                },
                                                "_margin_mobile": {
                                                    "unit": "px",
                                                    "top": "0",
                                                    "right": "0",
                                                    "bottom": "0",
                                                    "left": "0",
                                                    "isLinked": ""
                                                },
                                                "_padding_mobile": {
                                                    "unit": "px",
                                                    "top": "0",
                                                    "right": "0",
                                                    "bottom": "0",
                                                    "left": "0",
                                                    "isLinked": ""
                                                }
                                            },
                                            "elements": [],
                                            "isInner": false,
                                            "widgetType": "text-editor",
                                            "elType": "widget"
                                        },
                                        {
                                            "id": "7a4c96cd",
                                            "settings": {
                                                "title": "Robertson - San Diego",
                                                "header_size": "h6",
                                                "align": "center",
                                                "__globals__": {
                                                    "title_color": "globals\/colors?id=f551526"
                                                }
                                            },
                                            "elements": [],
                                            "isInner": false,
                                            "widgetType": "heading",
                                            "elType": "widget"
                                        }
                                    ],
                                    "isInner": "1",
                                    "elType": "column"
                                }
                            ],
                            "isInner": "1",
                            "elType": "section"
                        },
                        {
                            "id": "296cba24",
                            "settings": {
                                "space": {
                                    "unit": "px",
                                    "size": "300",
                                    "sizes": []
                                },
                                "_margin": {
                                    "unit": "em",
                                    "top": "0",
                                    "right": "0",
                                    "bottom": "0",
                                    "left": "0",
                                    "isLinked": "1"
                                },
                                "_margin_tablet": {
                                    "unit": "em",
                                    "top": "",
                                    "right": "",
                                    "bottom": "",
                                    "left": "",
                                    "isLinked": "1"
                                },
                                "_margin_mobile": {
                                    "unit": "em",
                                    "top": "",
                                    "right": "",
                                    "bottom": "",
                                    "left": "",
                                    "isLinked": "1"
                                },
                                "_element_width": "initial",
                                "_element_custom_width": {
                                    "unit": "px",
                                    "size": "372",
                                    "sizes": []
                                },
                                "_border_border": "solid",
                                "_border_width": {
                                    "unit": "px",
                                    "top": "2",
                                    "right": "2",
                                    "bottom": "2",
                                    "left": "2",
                                    "isLinked": "1"
                                },
                                "_border_radius": {
                                    "unit": "px",
                                    "top": "16",
                                    "right": "16",
                                    "bottom": "16",
                                    "left": "16",
                                    "isLinked": "1"
                                },
                                "__globals__": {
                                    "_border_color": "globals\/colors?id=accent"
                                },
                                "_position": "absolute",
                                "_offset_x": {
                                    "size": "-75",
                                    "unit": "px"
                                },
                                "_offset_y": {
                                    "size": "248",
                                    "unit": "px"
                                },
                                "_offset_x_mobile": {
                                    "size": "6",
                                    "unit": "px"
                                },
                                "_offset_y_mobile": {
                                    "size": "-87",
                                    "unit": "px"
                                },
                                "hide_mobile": "hidden-mobile"
                            },
                            "elements": [],
                            "isInner": false,
                            "widgetType": "spacer",
                            "elType": "widget"
                        }
                    ],
                    "isInner": "",
                    "elType": "column"
                }
            ],
            "isInner": "",
            "elType": "section"
        }
    ]
}