{
    "version": "0.4",
    "title": "Theme Builder \u2013 Footer (Elementor Pro)",
    "type": "footer",
    "metadata": {
        "template_type": "section-footer",
        "include_in_zip": "1",
        "elementor_pro_required": "1",
        "elementor_library_type": "footer",
        "elementor_pro_conditions": [
            "include\/general"
        ],
        "additional_template_information": [
            "This is a \"Footer\" template for Elementor Pro.",
            "This template will display on: Entire Site."
        ],
        "wp_page_template": "default"
    },
    "content": [
        {
            "id": "220d182",
            "settings": {
                "background_background": "classic",
                "border_width": {
                    "unit": "px",
                    "top": "2",
                    "right": "0",
                    "bottom": "0",
                    "left": "0",
                    "isLinked": ""
                },
                "padding": {
                    "unit": "em",
                    "top": "5",
                    "right": "0",
                    "bottom": "0",
                    "left": "0",
                    "isLinked": ""
                },
                "__globals__": {
                    "border_color": "",
                    "background_color": "globals\/colors?id=primary"
                },
                "padding_tablet": {
                    "unit": "em",
                    "top": "5",
                    "right": "1.5",
                    "bottom": "0",
                    "left": "1.5",
                    "isLinked": ""
                },
                "padding_mobile": {
                    "unit": "em",
                    "top": "4",
                    "right": "1.5",
                    "bottom": "0",
                    "left": "1.5",
                    "isLinked": ""
                },
                "content_width": {
                    "unit": "px",
                    "size": "1300",
                    "sizes": []
                },
                "gap": "no"
            },
            "elements": [
                {
                    "id": "57b4fd81",
                    "settings": {
                        "_column_size": "100",
                        "padding_tablet": {
                            "unit": "px",
                            "top": "0",
                            "right": "0",
                            "bottom": "0",
                            "left": "0",
                            "isLinked": ""
                        }
                    },
                    "elements": [
                        {
                            "id": "96a95f3",
                            "settings": {
                                "structure": "30",
                                "gap": "no",
                                "border_border": "solid",
                                "border_width": {
                                    "unit": "px",
                                    "top": "0",
                                    "right": "0",
                                    "bottom": "1",
                                    "left": "0",
                                    "isLinked": ""
                                },
                                "padding": {
                                    "unit": "em",
                                    "top": "0",
                                    "right": "0",
                                    "bottom": "4",
                                    "left": "0",
                                    "isLinked": ""
                                },
                                "__globals__": {
                                    "border_color": "globals\/colors?id=2cc825c"
                                },
                                "layout": "full_width"
                            },
                            "elements": [
                                {
                                    "id": "30a8c480",
                                    "settings": {
                                        "_column_size": "33",
                                        "_inline_size": "37",
                                        "_inline_size_tablet": "50",
                                        "margin_mobile": {
                                            "unit": "em",
                                            "top": "0",
                                            "right": "0",
                                            "bottom": "3",
                                            "left": "0",
                                            "isLinked": ""
                                        },
                                        "margin": {
                                            "unit": "%",
                                            "top": "0",
                                            "right": "16",
                                            "bottom": "0",
                                            "left": "0",
                                            "isLinked": ""
                                        },
                                        "margin_tablet": {
                                            "unit": "%",
                                            "top": "",
                                            "right": "",
                                            "bottom": "",
                                            "left": "",
                                            "isLinked": "1"
                                        }
                                    },
                                    "elements": [
                                        {
                                            "id": "6e4067b9",
                                            "settings": {
                                                "title": "Navigation",
                                                "header_size": "h6",
                                                "align_mobile": "left",
                                                "_margin": {
                                                    "unit": "px",
                                                    "top": "0",
                                                    "right": "0",
                                                    "bottom": "6",
                                                    "left": "0",
                                                    "isLinked": ""
                                                },
                                                "_margin_mobile": {
                                                    "unit": "px",
                                                    "top": "0",
                                                    "right": "0",
                                                    "bottom": "0",
                                                    "left": "0",
                                                    "isLinked": ""
                                                },
                                                "__globals__": {
                                                    "title_color": "globals\/colors?id=accent"
                                                }
                                            },
                                            "elements": [],
                                            "isInner": false,
                                            "widgetType": "heading",
                                            "elType": "widget"
                                        },
                                        {
                                            "id": "d640fdb",
                                            "settings": {
                                                "icon_list": [
                                                    {
                                                        "text": "Home",
                                                        "selected_icon": {
                                                            "value": "",
                                                            "library": ""
                                                        },
                                                        "_id": "dd8c82a",
                                                        "link": {
                                                            "url": "https:\/\/templatekit.tokomoo.com\/aviationkit\/",
                                                            "is_external": "",
                                                            "nofollow": "",
                                                            "custom_attributes": ""
                                                        }
                                                    },
                                                    {
                                                        "text": "About Us",
                                                        "selected_icon": {
                                                            "value": "",
                                                            "library": ""
                                                        },
                                                        "link": {
                                                            "url": "https:\/\/templatekit.tokomoo.com\/aviationkit\/about-us\/",
                                                            "is_external": "",
                                                            "nofollow": "",
                                                            "custom_attributes": ""
                                                        },
                                                        "_id": "b522fcd"
                                                    },
                                                    {
                                                        "text": "Teaching Staff",
                                                        "selected_icon": {
                                                            "value": "",
                                                            "library": ""
                                                        },
                                                        "link": {
                                                            "url": "https:\/\/templatekit.tokomoo.com\/aviationkit\/teaching-staff\/",
                                                            "is_external": "",
                                                            "nofollow": "",
                                                            "custom_attributes": ""
                                                        },
                                                        "_id": "e084c25"
                                                    },
                                                    {
                                                        "text": "Pricing",
                                                        "selected_icon": {
                                                            "value": "",
                                                            "library": ""
                                                        },
                                                        "link": {
                                                            "url": "https:\/\/templatekit.tokomoo.com\/aviationkit\/pricing\/",
                                                            "is_external": "",
                                                            "nofollow": "",
                                                            "custom_attributes": ""
                                                        },
                                                        "_id": "384b544"
                                                    }
                                                ],
                                                "space_between": {
                                                    "unit": "px",
                                                    "size": "12",
                                                    "sizes": []
                                                },
                                                "__globals__": {
                                                    "text_color_hover": "globals\/colors?id=accent",
                                                    "text_color": "globals\/colors?id=bafb870",
                                                    "icon_typography_typography": "globals\/typography?id=text"
                                                },
                                                "link_click": "inline",
                                                "_element_width": "initial",
                                                "_element_custom_width": {
                                                    "unit": "%",
                                                    "size": "50",
                                                    "sizes": []
                                                },
                                                "_margin_mobile": {
                                                    "unit": "em",
                                                    "top": "0",
                                                    "right": "0",
                                                    "bottom": "1",
                                                    "left": "0",
                                                    "isLinked": ""
                                                },
                                                "_element_width_mobile": "inherit"
                                            },
                                            "elements": [],
                                            "isInner": false,
                                            "widgetType": "icon-list",
                                            "elType": "widget"
                                        },
                                        {
                                            "id": "1b34349",
                                            "settings": {
                                                "icon_list": [
                                                    {
                                                        "text": "Testimonials",
                                                        "selected_icon": {
                                                            "value": "",
                                                            "library": ""
                                                        },
                                                        "link": {
                                                            "url": "https:\/\/templatekit.tokomoo.com\/aviationkit\/testimonials\/",
                                                            "is_external": "",
                                                            "nofollow": "",
                                                            "custom_attributes": ""
                                                        },
                                                        "_id": "e084c25"
                                                    },
                                                    {
                                                        "text": "Help &amp; FAQ",
                                                        "selected_icon": {
                                                            "value": "",
                                                            "library": ""
                                                        },
                                                        "_id": "dd8c82a",
                                                        "link": {
                                                            "url": "https:\/\/templatekit.tokomoo.com\/aviationkit\/faq\/",
                                                            "is_external": "",
                                                            "nofollow": "",
                                                            "custom_attributes": ""
                                                        }
                                                    },
                                                    {
                                                        "text": "Careers",
                                                        "selected_icon": {
                                                            "value": "",
                                                            "library": ""
                                                        },
                                                        "link": {
                                                            "url": "https:\/\/templatekit.tokomoo.com\/aviationkit\/careers\/",
                                                            "is_external": "",
                                                            "nofollow": "",
                                                            "custom_attributes": ""
                                                        },
                                                        "_id": "b522fcd"
                                                    },
                                                    {
                                                        "text": "Contact Us",
                                                        "selected_icon": {
                                                            "value": "",
                                                            "library": ""
                                                        },
                                                        "link": {
                                                            "url": "https:\/\/templatekit.tokomoo.com\/aviationkit\/contact\/",
                                                            "is_external": "",
                                                            "nofollow": "",
                                                            "custom_attributes": ""
                                                        },
                                                        "_id": "f73222d"
                                                    }
                                                ],
                                                "space_between": {
                                                    "unit": "px",
                                                    "size": "12",
                                                    "sizes": []
                                                },
                                                "__globals__": {
                                                    "text_color_hover": "globals\/colors?id=accent",
                                                    "text_color": "globals\/colors?id=bafb870",
                                                    "icon_typography_typography": "globals\/typography?id=text"
                                                },
                                                "link_click": "inline",
                                                "_element_width": "initial",
                                                "_element_custom_width": {
                                                    "unit": "%",
                                                    "size": "50",
                                                    "sizes": []
                                                },
                                                "_element_width_mobile": "inherit"
                                            },
                                            "elements": [],
                                            "isInner": false,
                                            "widgetType": "icon-list",
                                            "elType": "widget"
                                        }
                                    ],
                                    "isInner": "1",
                                    "elType": "column"
                                },
                                {
                                    "id": "7c54cb18",
                                    "settings": {
                                        "_column_size": "33",
                                        "_inline_size": "29.308",
                                        "_inline_size_tablet": "50",
                                        "margin_mobile": {
                                            "unit": "em",
                                            "top": "0",
                                            "right": "0",
                                            "bottom": "3",
                                            "left": "0",
                                            "isLinked": ""
                                        }
                                    },
                                    "elements": [
                                        {
                                            "id": "15e5afe4",
                                            "settings": {
                                                "title": "Programs",
                                                "header_size": "h6",
                                                "align_mobile": "left",
                                                "_margin": {
                                                    "unit": "px",
                                                    "top": "0",
                                                    "right": "0",
                                                    "bottom": "6",
                                                    "left": "0",
                                                    "isLinked": ""
                                                },
                                                "_margin_mobile": {
                                                    "unit": "px",
                                                    "top": "0",
                                                    "right": "0",
                                                    "bottom": "0",
                                                    "left": "0",
                                                    "isLinked": ""
                                                },
                                                "__globals__": {
                                                    "title_color": "globals\/colors?id=accent"
                                                }
                                            },
                                            "elements": [],
                                            "isInner": false,
                                            "widgetType": "heading",
                                            "elType": "widget"
                                        },
                                        {
                                            "id": "13b5cb08",
                                            "settings": {
                                                "icon_list": [
                                                    {
                                                        "text": "Flight Instructor Course",
                                                        "selected_icon": {
                                                            "value": "",
                                                            "library": ""
                                                        },
                                                        "_id": "dd8c82a",
                                                        "link": {
                                                            "url": "https:\/\/templatekit.tokomoo.com\/aviationkit\/program-detail\/",
                                                            "is_external": "",
                                                            "nofollow": "",
                                                            "custom_attributes": ""
                                                        }
                                                    },
                                                    {
                                                        "text": "Commercial Pilot License",
                                                        "selected_icon": {
                                                            "value": "",
                                                            "library": ""
                                                        },
                                                        "link": {
                                                            "url": "https:\/\/templatekit.tokomoo.com\/aviationkit\/program-detail\/",
                                                            "is_external": "",
                                                            "nofollow": "",
                                                            "custom_attributes": ""
                                                        },
                                                        "_id": "b522fcd"
                                                    },
                                                    {
                                                        "text": "(ME) Multi Engine",
                                                        "selected_icon": {
                                                            "value": "",
                                                            "library": ""
                                                        },
                                                        "link": {
                                                            "url": "https:\/\/templatekit.tokomoo.com\/aviationkit\/program-detail\/",
                                                            "is_external": "",
                                                            "nofollow": "",
                                                            "custom_attributes": ""
                                                        },
                                                        "_id": "e084c25"
                                                    },
                                                    {
                                                        "text": "Instrument Rating",
                                                        "selected_icon": {
                                                            "value": "",
                                                            "library": ""
                                                        },
                                                        "link": {
                                                            "url": "https:\/\/templatekit.tokomoo.com\/aviationkit\/program-detail\/",
                                                            "is_external": "",
                                                            "nofollow": "",
                                                            "custom_attributes": ""
                                                        },
                                                        "_id": "384b544"
                                                    },
                                                    {
                                                        "text": "Private Pilot License",
                                                        "selected_icon": {
                                                            "value": "",
                                                            "library": ""
                                                        },
                                                        "link": {
                                                            "url": "https:\/\/templatekit.tokomoo.com\/aviationkit\/program-detail\/",
                                                            "is_external": "",
                                                            "nofollow": "",
                                                            "custom_attributes": ""
                                                        },
                                                        "_id": "f73222d"
                                                    },
                                                    {
                                                        "text": "Ground-ATPL",
                                                        "selected_icon": {
                                                            "value": "",
                                                            "library": ""
                                                        },
                                                        "link": {
                                                            "url": "https:\/\/templatekit.tokomoo.com\/aviationkit\/program-detail\/",
                                                            "is_external": "",
                                                            "nofollow": "",
                                                            "custom_attributes": ""
                                                        },
                                                        "_id": "cccf165"
                                                    }
                                                ],
                                                "space_between": {
                                                    "unit": "px",
                                                    "size": "12",
                                                    "sizes": []
                                                },
                                                "__globals__": {
                                                    "text_color_hover": "globals\/colors?id=accent",
                                                    "text_color": "globals\/colors?id=bafb870",
                                                    "icon_typography_typography": "globals\/typography?id=text"
                                                },
                                                "link_click": "inline"
                                            },
                                            "elements": [],
                                            "isInner": false,
                                            "widgetType": "icon-list",
                                            "elType": "widget"
                                        }
                                    ],
                                    "isInner": "1",
                                    "elType": "column"
                                },
                                {
                                    "id": "21d07771",
                                    "settings": {
                                        "_column_size": "33",
                                        "_inline_size_tablet": "100",
                                        "margin_tablet": {
                                            "unit": "em",
                                            "top": "4",
                                            "right": "0",
                                            "bottom": "0",
                                            "left": "0",
                                            "isLinked": ""
                                        },
                                        "margin_mobile": {
                                            "unit": "em",
                                            "top": "0",
                                            "right": "0",
                                            "bottom": "0",
                                            "left": "0",
                                            "isLinked": "1"
                                        },
                                        "padding_tablet": {
                                            "unit": "%",
                                            "top": "0",
                                            "right": "20",
                                            "bottom": "0",
                                            "left": "20",
                                            "isLinked": ""
                                        },
                                        "padding_mobile": {
                                            "unit": "px",
                                            "top": "0",
                                            "right": "0",
                                            "bottom": "0",
                                            "left": "0",
                                            "isLinked": ""
                                        }
                                    },
                                    "elements": [
                                        {
                                            "id": "5d67231b",
                                            "settings": {
                                                "title": "Newsletters",
                                                "header_size": "h6",
                                                "align_mobile": "left",
                                                "_margin": {
                                                    "unit": "px",
                                                    "top": "0",
                                                    "right": "0",
                                                    "bottom": "6",
                                                    "left": "0",
                                                    "isLinked": ""
                                                },
                                                "_margin_mobile": {
                                                    "unit": "px",
                                                    "top": "0",
                                                    "right": "0",
                                                    "bottom": "0",
                                                    "left": "0",
                                                    "isLinked": ""
                                                },
                                                "__globals__": {
                                                    "title_color": "globals\/colors?id=accent"
                                                },
                                                "align_tablet": "center"
                                            },
                                            "elements": [],
                                            "isInner": false,
                                            "widgetType": "heading",
                                            "elType": "widget"
                                        },
                                        {
                                            "id": "399374cd",
                                            "settings": {
                                                "align_mobile": "left",
                                                "__globals__": {
                                                    "text_color": "globals\/colors?id=7cf82fa",
                                                    "typography_typography": ""
                                                },
                                                "align_tablet": "center",
                                                "_margin": {
                                                    "unit": "px",
                                                    "top": "0",
                                                    "right": "0",
                                                    "bottom": "-16",
                                                    "left": "0",
                                                    "isLinked": ""
                                                },
                                                "editor": "<p>Lorem ipsum dolor sit amet, consectetur adipiscing elit. Ut elit tellus, luctus nec.<\/p>"
                                            },
                                            "elements": [],
                                            "isInner": false,
                                            "widgetType": "text-editor",
                                            "elType": "widget"
                                        },
                                        {
                                            "id": "42e9bdea",
                                            "settings": {
                                                "form_name": "Subscribe",
                                                "form_fields": [
                                                    {
                                                        "custom_id": "name",
                                                        "field_type": "email",
                                                        "field_label": "Email",
                                                        "placeholder": "Enter your email",
                                                        "width": "60",
                                                        "_id": "35fa441",
                                                        "width_mobile": "60",
                                                        "previous_button": "",
                                                        "next_button": "",
                                                        "file_sizes": "",
                                                        "file_types": "",
                                                        "allow_multiple_upload": "",
                                                        "max_files": "",
                                                        "acceptance_text": "",
                                                        "checked_by_default": "",
                                                        "field_min": "",
                                                        "field_max": "",
                                                        "min_date": "",
                                                        "max_date": "",
                                                        "use_native_date": "",
                                                        "use_native_time": "",
                                                        "rows": "4"
                                                    }
                                                ],
                                                "show_labels": "",
                                                "button_width": "40",
                                                "step_next_label": "Next",
                                                "step_previous_label": "Previous",
                                                "button_text": "Subscribe",
                                                "email_content": "[all-fields]",
                                                "email_content_2": "[all-fields]",
                                                "success_message": "The form was sent successfully.",
                                                "error_message": "An error occurred.",
                                                "required_field_message": "This field is required.",
                                                "invalid_message": "There's something wrong. The form is invalid.",
                                                "column_gap": {
                                                    "unit": "px",
                                                    "size": "0",
                                                    "sizes": []
                                                },
                                                "row_gap": {
                                                    "unit": "px",
                                                    "size": "0",
                                                    "sizes": []
                                                },
                                                "button_text_color": "",
                                                "button_text_padding": {
                                                    "unit": "px",
                                                    "top": "0",
                                                    "right": "0",
                                                    "bottom": "0",
                                                    "left": "0",
                                                    "isLinked": ""
                                                },
                                                "__globals__": {
                                                    "field_border_color": "",
                                                    "button_background_color": "",
                                                    "button_background_hover_color": "",
                                                    "button_text_color": "",
                                                    "field_text_color": "globals\/colors?id=7cf82fa",
                                                    "field_background_color": "globals\/colors?id=92a4f96",
                                                    "_background_color": "globals\/colors?id=2cc825c"
                                                },
                                                "button_width_mobile": "40",
                                                "button_size": "lg",
                                                "button_align_tablet": "stretch",
                                                "button_icon_align": "right",
                                                "button_icon_indent": {
                                                    "unit": "px",
                                                    "size": "10",
                                                    "sizes": []
                                                },
                                                "previous_button_text_color": "",
                                                "button_hover_color": "",
                                                "previous_button_text_color_hover": "",
                                                "button_border_radius": {
                                                    "unit": "px",
                                                    "top": "",
                                                    "right": "",
                                                    "bottom": "",
                                                    "left": "",
                                                    "isLinked": "1"
                                                },
                                                "step_inactive_secondary_color": "",
                                                "_padding": {
                                                    "unit": "px",
                                                    "top": "8",
                                                    "right": "8",
                                                    "bottom": "8",
                                                    "left": "8",
                                                    "isLinked": "1"
                                                },
                                                "_background_background": "classic",
                                                "_border_radius": {
                                                    "unit": "px",
                                                    "top": "100",
                                                    "right": "100",
                                                    "bottom": "100",
                                                    "left": "100",
                                                    "isLinked": "1"
                                                }
                                            },
                                            "elements": [],
                                            "isInner": false,
                                            "widgetType": "form",
                                            "elType": "widget"
                                        },
                                        {
                                            "id": "392c0d20",
                                            "settings": {
                                                "social_icon_list": [
                                                    {
                                                        "social_icon": {
                                                            "value": "fab fa-facebook-f",
                                                            "library": "fa-brands"
                                                        },
                                                        "_id": "555a15f"
                                                    },
                                                    {
                                                        "social_icon": {
                                                            "value": "fab fa-twitter",
                                                            "library": "fa-brands"
                                                        },
                                                        "_id": "4aa3c89"
                                                    },
                                                    {
                                                        "social_icon": {
                                                            "value": "fab fa-instagram",
                                                            "library": "fa-brands"
                                                        },
                                                        "_id": "60b096f"
                                                    },
                                                    {
                                                        "social_icon": {
                                                            "value": "fab fa-youtube",
                                                            "library": "fa-brands"
                                                        },
                                                        "_id": "a4f012c"
                                                    },
                                                    {
                                                        "social_icon": {
                                                            "value": "fab fa-linkedin-in",
                                                            "library": "fa-brands"
                                                        },
                                                        "_id": "dabb73a"
                                                    },
                                                    {
                                                        "social_icon": {
                                                            "value": "fab fa-tiktok",
                                                            "library": "fa-brands"
                                                        },
                                                        "_id": "972b38f"
                                                    }
                                                ],
                                                "shape": "circle",
                                                "align": "left",
                                                "align_mobile": "center",
                                                "icon_color": "custom",
                                                "icon_size": {
                                                    "unit": "px",
                                                    "size": "18",
                                                    "sizes": []
                                                },
                                                "icon_spacing": {
                                                    "unit": "px",
                                                    "size": "12",
                                                    "sizes": []
                                                },
                                                "image_border_color": "#C3C3C3",
                                                "hover_border_color": "#02010100",
                                                "__globals__": {
                                                    "icon_primary_color": "globals\/colors?id=2cc825c",
                                                    "icon_secondary_color": "globals\/colors?id=7cf82fa",
                                                    "image_border_color": "",
                                                    "hover_primary_color": "globals\/colors?id=accent",
                                                    "hover_secondary_color": "globals\/colors?id=7cf82fa"
                                                },
                                                "image_border_width": {
                                                    "unit": "px",
                                                    "top": "1",
                                                    "right": "1",
                                                    "bottom": "1",
                                                    "left": "1",
                                                    "isLinked": "1"
                                                },
                                                "align_tablet": "center",
                                                "_margin": {
                                                    "unit": "px",
                                                    "top": "10",
                                                    "right": "0",
                                                    "bottom": "0",
                                                    "left": "0",
                                                    "isLinked": ""
                                                }
                                            },
                                            "elements": [],
                                            "isInner": false,
                                            "widgetType": "social-icons",
                                            "elType": "widget"
                                        }
                                    ],
                                    "isInner": "1",
                                    "elType": "column"
                                }
                            ],
                            "isInner": "1",
                            "elType": "section"
                        },
                        {
                            "id": "18c573fa",
                            "settings": {
                                "layout": "full_width",
                                "gap": "no",
                                "structure": "21",
                                "padding": {
                                    "unit": "em",
                                    "top": "1",
                                    "right": "0",
                                    "bottom": "1",
                                    "left": "0",
                                    "isLinked": ""
                                },
                                "padding_tablet": {
                                    "unit": "em",
                                    "top": "",
                                    "right": "",
                                    "bottom": "",
                                    "left": "",
                                    "isLinked": "1"
                                },
                                "padding_mobile": {
                                    "unit": "em",
                                    "top": "",
                                    "right": "",
                                    "bottom": "",
                                    "left": "",
                                    "isLinked": "1"
                                }
                            },
                            "elements": [
                                {
                                    "id": "10086a53",
                                    "settings": {
                                        "_column_size": "33",
                                        "_inline_size": "16",
                                        "_inline_size_tablet": "100",
                                        "margin_tablet": {
                                            "unit": "%",
                                            "top": "0",
                                            "right": "34",
                                            "bottom": "2",
                                            "left": "34",
                                            "isLinked": ""
                                        },
                                        "margin_mobile": {
                                            "unit": "%",
                                            "top": "0",
                                            "right": "21",
                                            "bottom": "6",
                                            "left": "21",
                                            "isLinked": ""
                                        }
                                    },
                                    "elements": [
                                        {
                                            "id": "1addac3f",
                                            "settings": {
                                                "__dynamic__": {
                                                    "image": "[elementor-tag id=\"\" name=\"site-logo\" settings=\"%7B%7D\"]",
                                                    "link": "[elementor-tag id=\"\" name=\"site-url\" settings=\"%7B%7D\"]"
                                                },
                                                "align": "center"
                                            },
                                            "elements": [],
                                            "isInner": false,
                                            "widgetType": "theme-site-logo",
                                            "elType": "widget"
                                        }
                                    ],
                                    "isInner": "1",
                                    "elType": "column"
                                },
                                {
                                    "id": "27854fb5",
                                    "settings": {
                                        "_column_size": "66",
                                        "content_position": "center",
                                        "padding": {
                                            "unit": "px",
                                            "top": "0",
                                            "right": "0",
                                            "bottom": "0",
                                            "left": "0",
                                            "isLinked": ""
                                        },
                                        "_inline_size": "83.666"
                                    },
                                    "elements": [
                                        {
                                            "id": "6748b1c8",
                                            "settings": {
                                                "title": "Copyright \u00a9 2022 Aviationaly - Aviation &amp; Flight School Template Kit",
                                                "header_size": "h6",
                                                "align": "right",
                                                "__globals__": {
                                                    "title_color": "globals\/colors?id=5aec34c",
                                                    "typography_typography": "globals\/typography?id=9947e93"
                                                },
                                                "_margin": {
                                                    "unit": "px",
                                                    "top": "0",
                                                    "right": "0",
                                                    "bottom": "0",
                                                    "left": "0",
                                                    "isLinked": "1"
                                                }
                                            },
                                            "elements": [],
                                            "isInner": false,
                                            "widgetType": "heading",
                                            "elType": "widget"
                                        }
                                    ],
                                    "isInner": "1",
                                    "elType": "column"
                                }
                            ],
                            "isInner": "1",
                            "elType": "section"
                        }
                    ],
                    "isInner": "",
                    "elType": "column"
                }
            ],
            "isInner": "",
            "elType": "section"
        }
    ]
}