{
    "version": "0.4",
    "title": "Theme Builder \u2013 Header (Elementor Pro)",
    "type": "header",
    "metadata": {
        "template_type": "section-header",
        "include_in_zip": "1",
        "elementor_pro_required": "1",
        "elementor_library_type": "header",
        "elementor_pro_conditions": [
            "include\/general"
        ],
        "additional_template_information": [
            "This is a \"Header\" template for Elementor Pro.",
            "This template will display on: Entire Site."
        ],
        "wp_page_template": "default"
    },
    "content": [
        {
            "id": "58c44e19",
            "settings": {
                "content_position": "middle",
                "z_index": "999",
                "background_color_b": "#F2295B00",
                "margin": {
                    "unit": "em",
                    "top": "0",
                    "right": "0",
                    "bottom": "-7.5",
                    "left": "0",
                    "isLinked": ""
                },
                "padding": {
                    "unit": "em",
                    "top": "1.5",
                    "right": "1.5",
                    "bottom": "1.5",
                    "left": "1.5",
                    "isLinked": "1"
                },
                "padding_tablet": {
                    "unit": "em",
                    "top": "1.5",
                    "right": "1.5",
                    "bottom": "1.5",
                    "left": "1.5",
                    "isLinked": "1"
                },
                "__globals__": {
                    "background_color": "globals\/colors?id=primary"
                },
                "content_width": {
                    "unit": "px",
                    "size": "1300",
                    "sizes": []
                },
                "gap": "no",
                "margin_tablet": {
                    "unit": "em",
                    "top": "",
                    "right": "",
                    "bottom": "",
                    "left": "",
                    "isLinked": "1"
                },
                "margin_mobile": {
                    "unit": "em",
                    "top": "",
                    "right": "",
                    "bottom": "",
                    "left": "",
                    "isLinked": "1"
                },
                "_title": "Menu"
            },
            "elements": [
                {
                    "id": "393af6d1",
                    "settings": {
                        "_column_size": "100",
                        "_inline_size_tablet": "100",
                        "_inline_size_mobile": "100",
                        "content_position": "center",
                        "padding_tablet": {
                            "unit": "px",
                            "top": "0",
                            "right": "0",
                            "bottom": "0",
                            "left": "0",
                            "isLinked": ""
                        }
                    },
                    "elements": [
                        {
                            "id": "71e1df93",
                            "settings": {
                                "layout": "full_width",
                                "gap": "no",
                                "content_position": "middle",
                                "structure": "30",
                                "hide_tablet": "hidden-tablet",
                                "hide_mobile": "hidden-mobile",
                                "_title": "Desktop version"
                            },
                            "elements": [
                                {
                                    "id": "65a7e31f",
                                    "settings": {
                                        "_column_size": "33"
                                    },
                                    "elements": [
                                        {
                                            "id": "4a2782a0",
                                            "settings": {
                                                "__dynamic__": {
                                                    "image": "[elementor-tag id=\"\" name=\"site-logo\" settings=\"%7B%7D\"]",
                                                    "link": "[elementor-tag id=\"\" name=\"site-url\" settings=\"%7B%7D\"]"
                                                },
                                                "align": "left",
                                                "width": {
                                                    "unit": "%",
                                                    "size": "80",
                                                    "sizes": []
                                                },
                                                "width_tablet": {
                                                    "unit": "%",
                                                    "size": "100",
                                                    "sizes": []
                                                },
                                                "image": {
                                                    "id": "89",
                                                    "url": "https:\/\/templatekit.tokomoo.com\/aviationkit\/wp-content\/uploads\/sites\/106\/2022\/09\/placeholder.png"
                                                }
                                            },
                                            "elements": [],
                                            "isInner": false,
                                            "widgetType": "theme-site-logo",
                                            "elType": "widget"
                                        }
                                    ],
                                    "isInner": "1",
                                    "elType": "column"
                                },
                                {
                                    "id": "17632f1f",
                                    "settings": {
                                        "_column_size": "33",
                                        "_inline_size": "44.308"
                                    },
                                    "elements": [
                                        {
                                            "id": "6a5d8019",
                                            "settings": {
                                                "align_items": "right",
                                                "full_width": "stretch",
                                                "toggle_align": "right",
                                                "indicator": "chevron",
                                                "color_menu_item_hover": "#FFFFFF",
                                                "__globals__": {
                                                    "color_menu_item": "globals\/colors?id=7cf82fa",
                                                    "pointer_color_menu_item_hover": "globals\/colors?id=accent",
                                                    "background_color_dropdown_item_hover": "globals\/colors?id=7cf82fa",
                                                    "color_dropdown_item": "globals\/colors?id=primary",
                                                    "menu_typography_typography": "globals\/typography?id=e9e2a9f",
                                                    "color_menu_item_hover": "",
                                                    "color_menu_item_active": "",
                                                    "pointer_color_menu_item_active": "globals\/colors?id=accent",
                                                    "background_color_dropdown_item": "globals\/colors?id=7cf82fa",
                                                    "dropdown_typography_typography": "globals\/typography?id=e9e2a9f",
                                                    "color_dropdown_item_hover": "globals\/colors?id=accent",
                                                    "toggle_background_color": "globals\/colors?id=92a4f96",
                                                    "toggle_color": "globals\/colors?id=7cf82fa",
                                                    "toggle_color_hover": "globals\/colors?id=7cf82fa",
                                                    "toggle_background_color_hover": "",
                                                    "color_dropdown_item_active": "globals\/colors?id=accent",
                                                    "dropdown_border_color": "globals\/colors?id=7cf82fa"
                                                },
                                                "pointer_color_menu_item_hover": "#D9AB80",
                                                "color_dropdown_item": "#202344",
                                                "submenu_icon": {
                                                    "value": "fas fa-chevron-down",
                                                    "library": "fa-solid"
                                                },
                                                "animation_line": "drop-out",
                                                "color_menu_item_active": "#FFFFFF",
                                                "pointer_color_menu_item_active": "#D9AB80",
                                                "pointer_width": {
                                                    "unit": "px",
                                                    "size": "2",
                                                    "sizes": []
                                                },
                                                "padding_horizontal_menu_item": {
                                                    "unit": "px",
                                                    "size": "0",
                                                    "sizes": []
                                                },
                                                "menu_space_between": {
                                                    "unit": "px",
                                                    "size": "40",
                                                    "sizes": []
                                                },
                                                "dropdown_border_radius": {
                                                    "unit": "px",
                                                    "top": "12",
                                                    "right": "12",
                                                    "bottom": "12",
                                                    "left": "12",
                                                    "isLinked": "1"
                                                },
                                                "padding_horizontal_dropdown_item": {
                                                    "unit": "px",
                                                    "size": "40",
                                                    "sizes": []
                                                },
                                                "dropdown_top_distance": {
                                                    "unit": "px",
                                                    "size": "8",
                                                    "sizes": []
                                                },
                                                "toggle_size_tablet": {
                                                    "unit": "px",
                                                    "size": "32",
                                                    "sizes": []
                                                },
                                                "toggle_size_mobile": {
                                                    "unit": "px",
                                                    "size": "30",
                                                    "sizes": []
                                                },
                                                "dropdown_typography_line_height": {
                                                    "unit": "em",
                                                    "size": "",
                                                    "sizes": []
                                                },
                                                "dropdown_typography_line_height_tablet": {
                                                    "unit": "em",
                                                    "size": "",
                                                    "sizes": []
                                                },
                                                "dropdown_typography_line_height_mobile": {
                                                    "unit": "em",
                                                    "size": "",
                                                    "sizes": []
                                                },
                                                "padding_vertical_dropdown_item": {
                                                    "unit": "px",
                                                    "size": "10",
                                                    "sizes": []
                                                },
                                                "color_dropdown_item_hover": "#D9AB80",
                                                "dropdown_border_border": "solid",
                                                "dropdown_border_width": {
                                                    "unit": "px",
                                                    "top": "12",
                                                    "right": "0",
                                                    "bottom": "12",
                                                    "left": "0",
                                                    "isLinked": ""
                                                },
                                                "dropdown_top_distance_mobile": {
                                                    "unit": "px",
                                                    "size": "16",
                                                    "sizes": []
                                                },
                                                "toggle_color_hover": "#202344"
                                            },
                                            "elements": [],
                                            "isInner": false,
                                            "widgetType": "nav-menu",
                                            "elType": "widget"
                                        }
                                    ],
                                    "isInner": "1",
                                    "elType": "column"
                                },
                                {
                                    "id": "12a3dd14",
                                    "settings": {
                                        "_column_size": "33",
                                        "_inline_size": "22"
                                    },
                                    "elements": [
                                        {
                                            "id": "11e49a88",
                                            "settings": {
                                                "text": "CALL: +62 876-543-210",
                                                "align": "right",
                                                "typography_font_size": {
                                                    "unit": "px",
                                                    "size": "16",
                                                    "sizes": []
                                                },
                                                "text_padding": {
                                                    "unit": "em",
                                                    "top": "0.6",
                                                    "right": "1.4",
                                                    "bottom": "0.6",
                                                    "left": "1.4",
                                                    "isLinked": ""
                                                },
                                                "text_padding_tablet": {
                                                    "unit": "em",
                                                    "top": "0.5",
                                                    "right": "1",
                                                    "bottom": "0.5",
                                                    "left": "1",
                                                    "isLinked": ""
                                                },
                                                "text_padding_mobile": {
                                                    "unit": "em",
                                                    "top": "",
                                                    "right": "",
                                                    "bottom": "",
                                                    "left": "",
                                                    "isLinked": "1"
                                                }
                                            },
                                            "elements": [],
                                            "isInner": false,
                                            "widgetType": "button",
                                            "elType": "widget"
                                        }
                                    ],
                                    "isInner": "1",
                                    "elType": "column"
                                }
                            ],
                            "isInner": "1",
                            "elType": "section"
                        },
                        {
                            "id": "7a7b1e3e",
                            "settings": {
                                "layout": "full_width",
                                "gap": "no",
                                "content_position": "middle",
                                "structure": "30",
                                "hide_desktop": "hidden-desktop",
                                "_title": "Tab &amp; Mobile version"
                            },
                            "elements": [
                                {
                                    "id": "5401d676",
                                    "settings": {
                                        "_column_size": "33",
                                        "_inline_size_tablet": "28",
                                        "_inline_size_mobile": "55"
                                    },
                                    "elements": [
                                        {
                                            "id": "6f8e3971",
                                            "settings": {
                                                "__dynamic__": {
                                                    "image": "[elementor-tag id=\"\" name=\"site-logo\" settings=\"%7B%7D\"]",
                                                    "link": "[elementor-tag id=\"\" name=\"site-url\" settings=\"%7B%7D\"]"
                                                },
                                                "align": "left",
                                                "width": {
                                                    "unit": "%",
                                                    "size": "80",
                                                    "sizes": []
                                                },
                                                "width_tablet": {
                                                    "unit": "%",
                                                    "size": "100",
                                                    "sizes": []
                                                },
                                                "image": {
                                                    "id": "89",
                                                    "url": "https:\/\/templatekit.tokomoo.com\/aviationkit\/wp-content\/uploads\/sites\/106\/2022\/09\/placeholder.png"
                                                }
                                            },
                                            "elements": [],
                                            "isInner": false,
                                            "widgetType": "theme-site-logo",
                                            "elType": "widget"
                                        }
                                    ],
                                    "isInner": "1",
                                    "elType": "column"
                                },
                                {
                                    "id": "2c8ac6be",
                                    "settings": {
                                        "_column_size": "33",
                                        "_inline_size": "22",
                                        "_inline_size_tablet": "62",
                                        "hide_mobile": "hidden-mobile"
                                    },
                                    "elements": [
                                        {
                                            "id": "1b50cf04",
                                            "settings": {
                                                "text": "CALL: +62 876-543-210",
                                                "align": "right",
                                                "typography_font_size": {
                                                    "unit": "px",
                                                    "size": "16",
                                                    "sizes": []
                                                },
                                                "text_padding": {
                                                    "unit": "em",
                                                    "top": "0.7",
                                                    "right": "1.2",
                                                    "bottom": "0.7",
                                                    "left": "1.2",
                                                    "isLinked": ""
                                                },
                                                "text_padding_tablet": {
                                                    "unit": "em",
                                                    "top": "0.5",
                                                    "right": "1",
                                                    "bottom": "0.5",
                                                    "left": "1",
                                                    "isLinked": ""
                                                },
                                                "text_padding_mobile": {
                                                    "unit": "em",
                                                    "top": "",
                                                    "right": "",
                                                    "bottom": "",
                                                    "left": "",
                                                    "isLinked": "1"
                                                }
                                            },
                                            "elements": [],
                                            "isInner": false,
                                            "widgetType": "button",
                                            "elType": "widget"
                                        }
                                    ],
                                    "isInner": "1",
                                    "elType": "column"
                                },
                                {
                                    "id": "64456f9e",
                                    "settings": {
                                        "_column_size": "33",
                                        "_inline_size": "44.308",
                                        "_inline_size_tablet": "10",
                                        "_inline_size_mobile": "45"
                                    },
                                    "elements": [
                                        {
                                            "id": "5279796c",
                                            "settings": {
                                                "align_items": "right",
                                                "full_width": "stretch",
                                                "toggle_align": "right",
                                                "indicator": "chevron",
                                                "color_menu_item_hover": "#FFFFFF",
                                                "__globals__": {
                                                    "color_menu_item": "globals\/colors?id=7cf82fa",
                                                    "pointer_color_menu_item_hover": "globals\/colors?id=accent",
                                                    "background_color_dropdown_item_hover": "globals\/colors?id=7cf82fa",
                                                    "color_dropdown_item": "globals\/colors?id=primary",
                                                    "menu_typography_typography": "globals\/typography?id=e9e2a9f",
                                                    "color_menu_item_hover": "",
                                                    "color_menu_item_active": "",
                                                    "pointer_color_menu_item_active": "globals\/colors?id=accent",
                                                    "background_color_dropdown_item": "globals\/colors?id=7cf82fa",
                                                    "dropdown_typography_typography": "globals\/typography?id=e9e2a9f",
                                                    "color_dropdown_item_hover": "globals\/colors?id=accent",
                                                    "toggle_background_color": "globals\/colors?id=92a4f96",
                                                    "toggle_color": "globals\/colors?id=7cf82fa",
                                                    "toggle_color_hover": "globals\/colors?id=7cf82fa",
                                                    "toggle_background_color_hover": "",
                                                    "color_dropdown_item_active": "globals\/colors?id=accent",
                                                    "dropdown_border_color": "globals\/colors?id=7cf82fa"
                                                },
                                                "pointer_color_menu_item_hover": "#D9AB80",
                                                "color_dropdown_item": "#202344",
                                                "submenu_icon": {
                                                    "value": "fas fa-chevron-down",
                                                    "library": "fa-solid"
                                                },
                                                "animation_line": "drop-out",
                                                "color_menu_item_active": "#FFFFFF",
                                                "pointer_color_menu_item_active": "#D9AB80",
                                                "pointer_width": {
                                                    "unit": "px",
                                                    "size": "2",
                                                    "sizes": []
                                                },
                                                "padding_horizontal_menu_item": {
                                                    "unit": "px",
                                                    "size": "0",
                                                    "sizes": []
                                                },
                                                "menu_space_between": {
                                                    "unit": "px",
                                                    "size": "40",
                                                    "sizes": []
                                                },
                                                "dropdown_border_radius": {
                                                    "unit": "px",
                                                    "top": "12",
                                                    "right": "12",
                                                    "bottom": "12",
                                                    "left": "12",
                                                    "isLinked": "1"
                                                },
                                                "padding_horizontal_dropdown_item": {
                                                    "unit": "px",
                                                    "size": "40",
                                                    "sizes": []
                                                },
                                                "dropdown_top_distance": {
                                                    "unit": "px",
                                                    "size": "8",
                                                    "sizes": []
                                                },
                                                "toggle_size_tablet": {
                                                    "unit": "px",
                                                    "size": "32",
                                                    "sizes": []
                                                },
                                                "toggle_size_mobile": {
                                                    "unit": "px",
                                                    "size": "30",
                                                    "sizes": []
                                                },
                                                "dropdown_typography_line_height": {
                                                    "unit": "em",
                                                    "size": "",
                                                    "sizes": []
                                                },
                                                "dropdown_typography_line_height_tablet": {
                                                    "unit": "em",
                                                    "size": "",
                                                    "sizes": []
                                                },
                                                "dropdown_typography_line_height_mobile": {
                                                    "unit": "em",
                                                    "size": "",
                                                    "sizes": []
                                                },
                                                "padding_vertical_dropdown_item": {
                                                    "unit": "px",
                                                    "size": "10",
                                                    "sizes": []
                                                },
                                                "color_dropdown_item_hover": "#D9AB80",
                                                "dropdown_border_border": "solid",
                                                "dropdown_border_width": {
                                                    "unit": "px",
                                                    "top": "12",
                                                    "right": "0",
                                                    "bottom": "12",
                                                    "left": "0",
                                                    "isLinked": ""
                                                },
                                                "dropdown_top_distance_mobile": {
                                                    "unit": "px",
                                                    "size": "16",
                                                    "sizes": []
                                                },
                                                "toggle_color_hover": "#202344"
                                            },
                                            "elements": [],
                                            "isInner": false,
                                            "widgetType": "nav-menu",
                                            "elType": "widget"
                                        }
                                    ],
                                    "isInner": "1",
                                    "elType": "column"
                                }
                            ],
                            "isInner": "1",
                            "elType": "section"
                        }
                    ],
                    "isInner": "",
                    "elType": "column"
                }
            ],
            "isInner": "",
            "elType": "section"
        }
    ]
}