{
    "version": "0.4",
    "title": "Global Kit Styles",
    "type": "section",
    "metadata": {
        "template_type": "global-styles",
        "include_in_zip": "1",
        "elementor_pro_required": null,
        "additional_template_information": [
            "These are the global theme styles configured through the Elementor Theme Styles area."
        ],
        "wp_page_template": "default"
    },
    "content": [],
    "page_settings": {
        "custom_colors": [
            {
                "_id": "452a44d",
                "title": "dark blue",
                "color": "#0A1128"
            },
            {
                "_id": "70a8adf",
                "title": "Green ",
                "color": "#09B6AC"
            },
            {
                "_id": "38713e1",
                "title": "Blue",
                "color": "#001F54"
            },
            {
                "_id": "9185e30",
                "title": "grey text",
                "color": "#E9E9E9"
            },
            {
                "_id": "d9270dc",
                "title": "whitee",
                "color": "#FFFFFF"
            }
        ],
        "system_colors": [
            {
                "_id": "primary",
                "title": "Primary",
                "color": "#0A1128"
            },
            {
                "_id": "secondary",
                "title": "Secondary",
                "color": "#001F54"
            },
            {
                "_id": "text",
                "title": "Text",
                "color": "#7A7A7A"
            },
            {
                "_id": "accent",
                "title": "Accent",
                "color": "#09B6AC"
            }
        ],
        "system_typography": [
            {
                "_id": "primary",
                "title": "Primary",
                "typography_typography": "custom",
                "typography_font_family": "Titillium Web",
                "typography_font_weight": "600"
            },
            {
                "_id": "secondary",
                "title": "Secondary",
                "typography_typography": "custom",
                "typography_font_family": "Titillium Web",
                "typography_font_weight": "600"
            },
            {
                "_id": "text",
                "title": "Text",
                "typography_typography": "custom",
                "typography_font_family": "DM Sans",
                "typography_font_weight": "400",
                "typography_font_size": {
                    "unit": "px",
                    "size": 16,
                    "sizes": []
                }
            },
            {
                "_id": "accent",
                "title": "Accent",
                "typography_typography": "custom",
                "typography_font_family": "DM Sans",
                "typography_font_weight": "400",
                "typography_font_size": {
                    "unit": "px",
                    "size": 14,
                    "sizes": []
                }
            }
        ],
        "custom_typography": [
            {
                "typography_typography": "custom",
                "typography_font_family": "DM Sans",
                "typography_font_size": {
                    "unit": "px",
                    "size": 17,
                    "sizes": []
                },
                "typography_font_weight": "500",
                "typography_line_height": {
                    "unit": "em",
                    "size": 1,
                    "sizes": []
                },
                "typography_word_spacing": {
                    "unit": "em",
                    "size": "",
                    "sizes": []
                },
                "_id": "03a8bab",
                "title": "button"
            },
            {
                "typography_typography": "custom",
                "typography_font_family": "DM Sans",
                "typography_font_size": {
                    "unit": "px",
                    "size": 18,
                    "sizes": []
                },
                "typography_font_weight": "600",
                "typography_line_height": {
                    "unit": "em",
                    "size": "",
                    "sizes": []
                },
                "typography_word_spacing": {
                    "unit": "em",
                    "size": "",
                    "sizes": []
                },
                "_id": "8857a41",
                "title": "H6 18"
            },
            {
                "typography_typography": "custom",
                "typography_font_family": "Titillium Web",
                "typography_font_size": {
                    "unit": "px",
                    "size": 24,
                    "sizes": []
                },
                "typography_font_weight": "600",
                "typography_line_height": {
                    "unit": "em",
                    "size": 1,
                    "sizes": []
                },
                "typography_word_spacing": {
                    "unit": "em",
                    "size": "",
                    "sizes": []
                },
                "_id": "5fab5c2",
                "title": "H5 24"
            },
            {
                "typography_typography": "custom",
                "typography_font_family": "Titillium Web",
                "typography_font_size": {
                    "unit": "px",
                    "size": 54,
                    "sizes": []
                },
                "typography_font_size_mobile": {
                    "unit": "px",
                    "size": 40,
                    "sizes": []
                },
                "typography_font_weight": "600",
                "typography_line_height": {
                    "unit": "em",
                    "size": 1.1,
                    "sizes": []
                },
                "typography_word_spacing": {
                    "unit": "em",
                    "size": "",
                    "sizes": []
                },
                "_id": "728d63f",
                "title": "H1"
            },
            {
                "typography_typography": "custom",
                "typography_font_family": "Titillium Web",
                "typography_font_size": {
                    "unit": "px",
                    "size": 48,
                    "sizes": []
                },
                "typography_font_size_mobile": {
                    "unit": "px",
                    "size": 38,
                    "sizes": []
                },
                "typography_font_weight": "600",
                "typography_line_height": {
                    "unit": "em",
                    "size": 1.1,
                    "sizes": []
                },
                "typography_word_spacing": {
                    "unit": "em",
                    "size": "",
                    "sizes": []
                },
                "_id": "4ee9864",
                "title": "H2"
            },
            {
                "typography_typography": "custom",
                "typography_font_family": "Titillium Web",
                "typography_font_size": {
                    "unit": "px",
                    "size": 28,
                    "sizes": []
                },
                "typography_font_weight": "600",
                "typography_line_height": {
                    "unit": "em",
                    "size": 1.2,
                    "sizes": []
                },
                "typography_word_spacing": {
                    "unit": "em",
                    "size": "",
                    "sizes": []
                },
                "_id": "e3cf536",
                "title": "H4 28"
            },
            {
                "typography_typography": "custom",
                "typography_font_family": "Titillium Web",
                "typography_font_size": {
                    "unit": "px",
                    "size": 32,
                    "sizes": []
                },
                "typography_font_weight": "600",
                "typography_line_height": {
                    "unit": "em",
                    "size": 1.1,
                    "sizes": []
                },
                "typography_word_spacing": {
                    "unit": "em",
                    "size": "",
                    "sizes": []
                },
                "_id": "c1a4547",
                "title": "H3 32"
            },
            {
                "typography_typography": "custom",
                "typography_font_family": "Titillium Web",
                "typography_font_size": {
                    "unit": "px",
                    "size": 200,
                    "sizes": []
                },
                "typography_font_size_mobile": {
                    "unit": "px",
                    "size": 150,
                    "sizes": []
                },
                "typography_font_weight": "600",
                "typography_line_height": {
                    "unit": "em",
                    "size": 1,
                    "sizes": []
                },
                "typography_word_spacing": {
                    "unit": "em",
                    "size": "",
                    "sizes": []
                },
                "_id": "6e477ca",
                "title": "404 txt"
            },
            {
                "typography_typography": "custom",
                "typography_font_family": "Titillium Web",
                "typography_font_size": {
                    "unit": "px",
                    "size": 40,
                    "sizes": []
                },
                "typography_font_size_mobile": {
                    "unit": "px",
                    "size": 32,
                    "sizes": []
                },
                "typography_font_weight": "600",
                "typography_line_height": {
                    "unit": "em",
                    "size": 1.1,
                    "sizes": []
                },
                "typography_word_spacing": {
                    "unit": "em",
                    "size": "",
                    "sizes": []
                },
                "_id": "80f15b0",
                "title": "H2 Special"
            }
        ],
        "default_generic_fonts": "Sans-serif",
        "page_title_selector": "h1.entry-title",
        "hello_footer_copyright_text": "All rights reserved",
        "activeItemIndex": 1,
        "viewport_md": 768,
        "viewport_lg": 1025,
        "button_border_border": "solid",
        "button_border_width": {
            "unit": "px",
            "top": "1",
            "right": "1",
            "bottom": "1",
            "left": "1",
            "isLinked": true
        },
        "button_border_color": "#02010100",
        "button_border_radius": {
            "unit": "px",
            "top": "0",
            "right": "0",
            "bottom": "0",
            "left": "0",
            "isLinked": true
        },
        "button_hover_background_color": "#02010100",
        "button_hover_border_border": "solid",
        "button_hover_border_width": {
            "unit": "px",
            "top": "1",
            "right": "1",
            "bottom": "1",
            "left": "1",
            "isLinked": true
        },
        "button_padding": {
            "unit": "px",
            "top": "18",
            "right": "32",
            "bottom": "18",
            "left": "32",
            "isLinked": false
        },
        "form_label_color": "#0A1128",
        "form_label_typography_typography": "custom",
        "form_label_typography_font_family": "DM Sans",
        "form_label_typography_font_size": {
            "unit": "px",
            "size": 17,
            "sizes": []
        },
        "form_label_typography_font_weight": "500",
        "form_label_typography_line_height": {
            "unit": "em",
            "size": 2.2,
            "sizes": []
        },
        "form_label_typography_word_spacing": {
            "unit": "em",
            "size": "",
            "sizes": []
        },
        "form_field_border_border": "solid",
        "form_field_border_width": {
            "unit": "px",
            "top": "1",
            "right": "1",
            "bottom": "1",
            "left": "1",
            "isLinked": true
        },
        "form_field_border_color": "#CCCCCC",
        "form_field_border_radius": {
            "unit": "px",
            "top": "0",
            "right": "0",
            "bottom": "0",
            "left": "0",
            "isLinked": false
        },
        "__globals__": {
            "form_label_color": "globals\/colors?id=primary",
            "form_label_typography_typography": "",
            "form_field_typography_typography": "globals\/typography?id=text",
            "form_field_text_color": "globals\/colors?id=text",
            "button_typography_typography": "globals\/typography?id=03a8bab",
            "button_text_color": "globals\/colors?id=d9270dc",
            "button_background_color": "globals\/colors?id=70a8adf",
            "button_hover_border_color": "globals\/colors?id=38713e1",
            "button_hover_text_color": "globals\/colors?id=38713e1",
            "body_color": "globals\/colors?id=text",
            "body_typography_typography": "globals\/typography?id=text",
            "link_normal_color": "globals\/colors?id=70a8adf",
            "link_hover_color": "globals\/colors?id=38713e1",
            "h1_color": "globals\/colors?id=primary",
            "h1_typography_typography": "globals\/typography?id=728d63f",
            "h2_color": "globals\/colors?id=primary",
            "h2_typography_typography": "globals\/typography?id=4ee9864",
            "h3_color": "globals\/colors?id=primary",
            "h3_typography_typography": "globals\/typography?id=c1a4547",
            "h4_color": "globals\/colors?id=primary",
            "h4_typography_typography": "globals\/typography?id=e3cf536",
            "h5_color": "globals\/colors?id=primary",
            "h5_typography_typography": "globals\/typography?id=5fab5c2",
            "h6_color": "globals\/colors?id=primary",
            "h6_typography_typography": "globals\/typography?id=8857a41"
        }
    }
}