{
    "version": "0.4",
    "title": "Header",
    "type": "section",
    "metadata": {
        "template_type": "section-header",
        "include_in_zip": "1",
        "elementor_pro_required": null,
        "wp_page_template": "elementor_canvas"
    },
    "content": [
        {
            "id": "4c01252f",
            "settings": {
                "structure": "30",
                "border_width": {
                    "unit": "px",
                    "top": "0",
                    "right": "0",
                    "bottom": "1",
                    "left": "0",
                    "isLinked": false
                },
                "border_color": "#DDDDDD",
                "content_position": "middle",
                "z_index": 3,
                "background_background": "classic",
                "__globals__": {
                    "background_color": "globals\/colors?id=38713e1"
                },
                "hide_tablet": "hidden-tablet",
                "hide_mobile": "hidden-phone",
                "content_width": {
                    "unit": "px",
                    "size": 1170,
                    "sizes": []
                }
            },
            "elements": [
                {
                    "id": "3890198",
                    "settings": {
                        "_column_size": 33,
                        "_inline_size": 27.942
                    },
                    "elements": [
                        {
                            "id": "16a7faf",
                            "settings": {
                                "view": "inline",
                                "icon_list": [
                                    {
                                        "text": " Jl. Sunset Road No.815, Kuta, Bali 80361",
                                        "selected_icon": {
                                            "value": "fas fa-map-marker-alt",
                                            "library": "fa-solid"
                                        },
                                        "_id": "29ba29e"
                                    }
                                ],
                                "space_between": {
                                    "unit": "px",
                                    "size": 10,
                                    "sizes": []
                                },
                                "text_indent": {
                                    "unit": "px",
                                    "size": 5,
                                    "sizes": []
                                },
                                "__globals__": {
                                    "icon_color": "globals\/colors?id=70a8adf",
                                    "text_color": "",
                                    "icon_typography_typography": ""
                                },
                                "text_color": "#FFFFFF",
                                "icon_align": "left",
                                "divider_height": {
                                    "unit": "%",
                                    "size": 100,
                                    "sizes": []
                                },
                                "icon_size": {
                                    "unit": "px",
                                    "size": 16,
                                    "sizes": []
                                },
                                "_margin": {
                                    "unit": "px",
                                    "top": "0",
                                    "right": "15",
                                    "bottom": "0",
                                    "left": "0",
                                    "isLinked": false
                                },
                                "icon_typography_line_height": {
                                    "unit": "em",
                                    "size": "",
                                    "sizes": []
                                },
                                "icon_typography_word_spacing": {
                                    "unit": "em",
                                    "size": "",
                                    "sizes": []
                                },
                                "icon_typography_typography": "custom",
                                "icon_typography_font_family": "DM Sans",
                                "icon_typography_font_size": {
                                    "unit": "px",
                                    "size": 14,
                                    "sizes": []
                                },
                                "icon_typography_font_weight": "400"
                            },
                            "elements": [],
                            "isInner": false,
                            "widgetType": "icon-list",
                            "elType": "widget"
                        }
                    ],
                    "isInner": false,
                    "elType": "column"
                },
                {
                    "id": "9c263e2",
                    "settings": {
                        "_column_size": 33,
                        "_inline_size": 57.764,
                        "border_border": "solid",
                        "border_width": {
                            "unit": "px",
                            "top": "0",
                            "right": "0",
                            "bottom": "0",
                            "left": "1",
                            "isLinked": false
                        },
                        "border_color": "#FFFFFF38"
                    },
                    "elements": [
                        {
                            "id": "53ff0d12",
                            "settings": {
                                "view": "inline",
                                "icon_list": [
                                    {
                                        "text": "admin@travair.com",
                                        "selected_icon": {
                                            "value": "fas fa-envelope",
                                            "library": "fa-solid"
                                        },
                                        "_id": "cb952d6"
                                    }
                                ],
                                "space_between": {
                                    "unit": "px",
                                    "size": 10,
                                    "sizes": []
                                },
                                "text_indent": {
                                    "unit": "px",
                                    "size": 5,
                                    "sizes": []
                                },
                                "__globals__": {
                                    "icon_color": "globals\/colors?id=70a8adf",
                                    "text_color": "",
                                    "icon_typography_typography": ""
                                },
                                "text_color": "#FFFFFF",
                                "icon_align": "left",
                                "divider_height": {
                                    "unit": "%",
                                    "size": 100,
                                    "sizes": []
                                },
                                "icon_size": {
                                    "unit": "px",
                                    "size": 16,
                                    "sizes": []
                                },
                                "_margin": {
                                    "unit": "px",
                                    "top": "0",
                                    "right": "0",
                                    "bottom": "0",
                                    "left": "20",
                                    "isLinked": false
                                },
                                "icon_typography_line_height": {
                                    "unit": "em",
                                    "size": "",
                                    "sizes": []
                                },
                                "icon_typography_word_spacing": {
                                    "unit": "em",
                                    "size": "",
                                    "sizes": []
                                },
                                "icon_typography_typography": "custom",
                                "icon_typography_font_family": "DM Sans",
                                "icon_typography_font_size": {
                                    "unit": "px",
                                    "size": 14,
                                    "sizes": []
                                },
                                "icon_typography_font_weight": "400"
                            },
                            "elements": [],
                            "isInner": false,
                            "widgetType": "icon-list",
                            "elType": "widget"
                        }
                    ],
                    "isInner": false,
                    "elType": "column"
                },
                {
                    "id": "65de73d2",
                    "settings": {
                        "_column_size": 33,
                        "_inline_size": 13.931,
                        "background_background": "classic",
                        "background_color": "#FFFFFF"
                    },
                    "elements": [
                        {
                            "id": "3780fe0f",
                            "settings": {
                                "view": "inline",
                                "icon_list": [
                                    {
                                        "text": "",
                                        "selected_icon": {
                                            "value": "jki jki-facebook-light",
                                            "library": "jkiticon"
                                        },
                                        "_id": "f6a3eac"
                                    },
                                    {
                                        "text": "",
                                        "selected_icon": {
                                            "value": "jki jki-twitter-light",
                                            "library": "jkiticon"
                                        },
                                        "_id": "2040084"
                                    },
                                    {
                                        "text": "",
                                        "selected_icon": {
                                            "value": "jki jki-instagram-1-light",
                                            "library": "jkiticon"
                                        },
                                        "_id": "b1e78d6"
                                    },
                                    {
                                        "text": "",
                                        "selected_icon": {
                                            "value": "jki jki-youtube-v-light",
                                            "library": "jkiticon"
                                        },
                                        "_id": "1a83e8c"
                                    }
                                ],
                                "icon_align": "center",
                                "__globals__": {
                                    "icon_color_hover": "",
                                    "icon_color": ""
                                },
                                "icon_color": "#09B6AC",
                                "icon_color_hover": "#001F54",
                                "icon_typography_line_height": {
                                    "unit": "em",
                                    "size": "",
                                    "sizes": []
                                },
                                "icon_typography_word_spacing": {
                                    "unit": "em",
                                    "size": "",
                                    "sizes": []
                                }
                            },
                            "elements": [],
                            "isInner": false,
                            "widgetType": "icon-list",
                            "elType": "widget"
                        }
                    ],
                    "isInner": false,
                    "elType": "column"
                }
            ],
            "isInner": false,
            "elType": "section"
        },
        {
            "id": "4b6d992e",
            "settings": {
                "structure": "30",
                "background_background": "classic",
                "box_shadow_box_shadow_type": "yes",
                "box_shadow_box_shadow": {
                    "horizontal": 0,
                    "vertical": 2,
                    "blur": 5,
                    "spread": 0,
                    "color": "rgba(0, 0, 0, 0.15)"
                },
                "content_position": "middle",
                "margin_tablet": {
                    "unit": "px",
                    "top": "",
                    "right": 0,
                    "bottom": "",
                    "left": 0,
                    "isLinked": true
                },
                "padding_tablet": {
                    "unit": "px",
                    "top": "10",
                    "right": "10",
                    "bottom": "10",
                    "left": "10",
                    "isLinked": false
                },
                "z_index": 1,
                "content_width": {
                    "unit": "px",
                    "size": 1170,
                    "sizes": []
                }
            },
            "elements": [
                {
                    "id": "5eb5f206",
                    "settings": {
                        "_column_size": 33,
                        "_inline_size": 17,
                        "_inline_size_tablet": 100,
                        "border_border": "solid",
                        "border_width": {
                            "unit": "px",
                            "top": "0",
                            "right": "0",
                            "bottom": "0",
                            "left": "0",
                            "isLinked": true
                        },
                        "border_width_tablet": {
                            "unit": "px",
                            "top": "0",
                            "right": "0",
                            "bottom": "1",
                            "left": "0",
                            "isLinked": false
                        },
                        "border_color": "#DDDDDD42",
                        "margin_tablet": {
                            "unit": "px",
                            "top": "0",
                            "right": "0",
                            "bottom": "0",
                            "left": "0",
                            "isLinked": false
                        },
                        "padding_tablet": {
                            "unit": "px",
                            "top": "10",
                            "right": "0",
                            "bottom": "15",
                            "left": "0",
                            "isLinked": false
                        },
                        "_inline_size_mobile": 50,
                        "border_width_mobile": {
                            "unit": "px",
                            "top": "0",
                            "right": "0",
                            "bottom": "0",
                            "left": "0",
                            "isLinked": true
                        },
                        "margin_mobile": {
                            "unit": "px",
                            "top": "0",
                            "right": "0",
                            "bottom": "0",
                            "left": "10",
                            "isLinked": false
                        },
                        "padding_mobile": {
                            "unit": "px",
                            "top": "15",
                            "right": "0",
                            "bottom": "15",
                            "left": "0",
                            "isLinked": false
                        }
                    },
                    "elements": [
                        {
                            "id": "17cef77",
                            "settings": {
                                "image": {
                                    "url": "https:\/\/templatekit.jegtheme.com\/travair\/wp-content\/uploads\/sites\/290\/2022\/06\/travair-logo.png",
                                    "id": 332,
                                    "alt": "",
                                    "source": "library"
                                },
                                "image_size": "full",
                                "align_tablet": "center",
                                "width_tablet": {
                                    "unit": "%",
                                    "size": 25,
                                    "sizes": []
                                },
                                "align_mobile": "left",
                                "width_mobile": {
                                    "unit": "%",
                                    "size": 90,
                                    "sizes": []
                                },
                                "caption_typography_line_height": {
                                    "unit": "em",
                                    "size": "",
                                    "sizes": []
                                },
                                "caption_typography_word_spacing": {
                                    "unit": "em",
                                    "size": "",
                                    "sizes": []
                                }
                            },
                            "elements": [],
                            "isInner": false,
                            "widgetType": "image",
                            "elType": "widget"
                        }
                    ],
                    "isInner": false,
                    "elType": "column"
                },
                {
                    "id": "3f476f2e",
                    "settings": {
                        "_column_size": 33,
                        "_inline_size": 65.664,
                        "padding": {
                            "unit": "px",
                            "top": "0",
                            "right": "0",
                            "bottom": "0",
                            "left": "0",
                            "isLinked": false
                        },
                        "_inline_size_tablet": 70,
                        "_inline_size_mobile": 50,
                        "margin_tablet": {
                            "unit": "px",
                            "top": "5",
                            "right": "0",
                            "bottom": "0",
                            "left": "10",
                            "isLinked": false
                        },
                        "margin_mobile": {
                            "unit": "px",
                            "top": "0",
                            "right": "10",
                            "bottom": "0",
                            "left": "0",
                            "isLinked": false
                        },
                        "padding_mobile": {
                            "unit": "px",
                            "top": "15",
                            "right": "0",
                            "bottom": "15",
                            "left": "0",
                            "isLinked": false
                        }
                    },
                    "elements": [
                        {
                            "id": "7ed5286f",
                            "settings": {
                                "sg_menu_choose": "menu",
                                "sg_menu_alignment_responsive": "center",
                                "sg_mobile_menu_logo": {
                                    "url": "https:\/\/templatekit.jegtheme.com\/travair\/wp-content\/uploads\/sites\/290\/2022\/06\/travair-logo.png",
                                    "id": 332,
                                    "alt": "",
                                    "source": "library"
                                },
                                "sg_mobile_menu_logo_size_imagesize_size": "full",
                                "sg_mobile_menu_icon": {
                                    "value": "jki jki-bars-solid",
                                    "library": "jkiticon"
                                },
                                "st_menu_wrapper_height_responsive": {
                                    "unit": "px",
                                    "size": 84,
                                    "sizes": []
                                },
                                "st_menu_wrapper_padding_responsive": {
                                    "unit": "px",
                                    "top": "0",
                                    "right": "0",
                                    "bottom": "0",
                                    "left": "0",
                                    "isLinked": false
                                },
                                "st_menu_wrapper_padding_responsive_tablet": {
                                    "unit": "px",
                                    "top": "20",
                                    "right": "20",
                                    "bottom": "0",
                                    "left": "20",
                                    "isLinked": false
                                },
                                "st_menu_wrapper_margin_responsive": {
                                    "unit": "px",
                                    "top": "0",
                                    "right": "0",
                                    "bottom": "0",
                                    "left": "0",
                                    "isLinked": false
                                },
                                "st_menu_wrapper_margin_responsive_tablet": {
                                    "unit": "px",
                                    "top": "0",
                                    "right": "0",
                                    "bottom": "0",
                                    "left": "0",
                                    "isLinked": false
                                },
                                "st_menu_wrapper_border_radius_responsive": {
                                    "unit": "px",
                                    "top": "0",
                                    "right": "0",
                                    "bottom": "0",
                                    "left": "0",
                                    "isLinked": false
                                },
                                "st_menu_item_spacing_responsive": {
                                    "unit": "px",
                                    "top": "0",
                                    "right": "18",
                                    "bottom": "0",
                                    "left": "18",
                                    "isLinked": false
                                },
                                "st_menu_item_spacing_responsive_tablet": {
                                    "unit": "px",
                                    "top": "10",
                                    "right": "20",
                                    "bottom": "15",
                                    "left": "10",
                                    "isLinked": false
                                },
                                "st_submenu_item_indicator": {
                                    "value": "jki jki-chevron-down-light",
                                    "library": "jkiticon"
                                },
                                "st_submenu_item_indicator_margin_responsive": {
                                    "unit": "px",
                                    "top": "3",
                                    "right": "0",
                                    "bottom": "0",
                                    "left": "10",
                                    "isLinked": false
                                },
                                "st_submenu_item_indicator_border_border_width_tablet": {
                                    "unit": "px",
                                    "top": "0",
                                    "right": "0",
                                    "bottom": "0",
                                    "left": "0",
                                    "isLinked": true
                                },
                                "st_submenu_panel_padding_responsive": {
                                    "unit": "px",
                                    "top": "10",
                                    "right": "10",
                                    "bottom": "10",
                                    "left": "10",
                                    "isLinked": true
                                },
                                "st_submenu_panel_padding_responsive_tablet": {
                                    "unit": "px",
                                    "top": "10",
                                    "right": "10",
                                    "bottom": "10",
                                    "left": "5",
                                    "isLinked": false
                                },
                                "st_submenu_panel_background_background_background": "classic",
                                "st_submenu_panel_border_radius_responsive": {
                                    "unit": "px",
                                    "top": "0",
                                    "right": "0",
                                    "bottom": "0",
                                    "left": "0",
                                    "isLinked": false
                                },
                                "st_submenu_panel_border_radius_responsive_tablet": {
                                    "unit": "px",
                                    "top": "0",
                                    "right": "0",
                                    "bottom": "0",
                                    "left": "0",
                                    "isLinked": true
                                },
                                "st_hamburger_menu_position_responsive_tablet": "left",
                                "st_hamburger_menu_icon_background_background_background": "classic",
                                "st_hamburger_menu_icon_background_background_color": "#FFFFFF00",
                                "st_hamburger_menu_icon_border_border_border": "solid",
                                "st_hamburger_menu_icon_border_border_width_tablet": {
                                    "unit": "px",
                                    "top": "0",
                                    "right": "0",
                                    "bottom": "0",
                                    "left": "0",
                                    "isLinked": true
                                },
                                "st_hamburger_menu_close_background_background_background": "classic",
                                "st_hamburger_menu_close_border_border_border": "solid",
                                "st_hamburger_menu_close_border_border_width_tablet": {
                                    "unit": "px",
                                    "top": "0",
                                    "right": "0",
                                    "bottom": "0",
                                    "left": "0",
                                    "isLinked": true
                                },
                                "__globals__": {
                                    "st_menu_item_typography_content_typography_typography": "globals\/typography?id=03a8bab",
                                    "st_menu_item_text_normal_color_responsive": "globals\/colors?id=452a44d",
                                    "st_menu_item_text_hover_color_responsive": "globals\/colors?id=70a8adf",
                                    "st_menu_item_text_active_color_responsive": "globals\/colors?id=70a8adf",
                                    "st_submenu_item_indicator_color_responsive": "",
                                    "st_submenu_panel_background_background_color": "",
                                    "st_submenu_item_text_normal_color_responsive": "globals\/colors?id=452a44d",
                                    "st_submenu_item_text_hover_color_responsive": "globals\/colors?id=70a8adf",
                                    "st_submenu_item_text_active_color_responsive": "globals\/colors?id=70a8adf",
                                    "st_submenu_item_typography_content_typography_typography": "globals\/typography?id=text",
                                    "st_menu_wrapper_mobile_color_tablet_responsive_tablet": "",
                                    "st_menu_item_text_normal_color_responsive_tablet": "globals\/colors?id=primary",
                                    "st_menu_item_text_hover_color_responsive_tablet": "globals\/colors?id=accent",
                                    "st_menu_item_text_active_color_responsive_tablet": "globals\/colors?id=accent",
                                    "st_submenu_item_indicator_color_responsive_tablet": "",
                                    "st_hamburger_menu_icon_color_responsive_tablet": "globals\/colors?id=primary",
                                    "st_hamburger_menu_icon_color_hover_responsive_tablet": "globals\/colors?id=70a8adf",
                                    "st_hamburger_menu_close_color_responsive_tablet": "",
                                    "st_hamburger_menu_close_color_hover_responsive_tablet": "",
                                    "st_menu_wrapper_background_background_color": "",
                                    "st_hamburger_menu_close_background_background_color": "globals\/colors?id=primary",
                                    "st_hamburger_menu_icon_color_responsive_mobile": "globals\/colors?id=primary",
                                    "st_hamburger_menu_close_background_hover_background_color": "globals\/colors?id=70a8adf"
                                },
                                "st_submenu_panel_box_shadow_box_shadow_box_shadow_type": "yes",
                                "st_submenu_panel_box_shadow_box_shadow_box_shadow": {
                                    "horizontal": 0,
                                    "vertical": 3,
                                    "blur": 15,
                                    "spread": 0,
                                    "color": "rgba(0, 0, 0, 0.1)"
                                },
                                "st_submenu_item_indicator_border_radius_responsive_tablet": {
                                    "unit": "px",
                                    "top": "10",
                                    "right": "10",
                                    "bottom": "10",
                                    "left": "10",
                                    "isLinked": true
                                },
                                "st_submenu_item_indicator_border_border_border": "solid",
                                "st_submenu_item_indicator_border_border_width": {
                                    "unit": "px",
                                    "top": "0",
                                    "right": "0",
                                    "bottom": "0",
                                    "left": "0",
                                    "isLinked": false
                                },
                                "st_submenu_panel_background_background_color": "#FFFFFF",
                                "st_hamburger_menu_icon_border_radius_responsive_tablet": {
                                    "unit": "px",
                                    "top": "10",
                                    "right": "10",
                                    "bottom": "10",
                                    "left": "10",
                                    "isLinked": true
                                },
                                "st_hamburger_menu_icon_padding_responsive_tablet": {
                                    "unit": "px",
                                    "top": "0",
                                    "right": "0",
                                    "bottom": "0",
                                    "left": "0",
                                    "isLinked": false
                                },
                                "st_hamburger_menu_close_border_radius_responsive_tablet": {
                                    "unit": "px",
                                    "top": "0",
                                    "right": "0",
                                    "bottom": "0",
                                    "left": "0",
                                    "isLinked": false
                                },
                                "st_hamburger_menu_close_margin_responsive_tablet": {
                                    "unit": "px",
                                    "top": "15",
                                    "right": "20",
                                    "bottom": "0",
                                    "left": "0",
                                    "isLinked": false
                                },
                                "st_hamburger_menu_width_responsive_tablet": {
                                    "unit": "px",
                                    "size": 22,
                                    "sizes": []
                                },
                                "st_hamburger_menu_icon_size_responsive_tablet": {
                                    "unit": "px",
                                    "size": 25,
                                    "sizes": []
                                },
                                "st_menu_item_text_normal_color_responsive_tablet": "#0B2B43",
                                "st_menu_item_text_hover_color_responsive_tablet": "#7FC6A4",
                                "st_menu_item_text_active_color_responsive_tablet": "#7FC6A4",
                                "st_hamburger_menu_icon_color_responsive_tablet": "#0B2B43",
                                "st_hamburger_menu_close_background_background_color": "#0B2B43",
                                "st_menu_wrapper_mobile_color_tablet_responsive_tablet": "#F6F6F6",
                                "st_menu_item_text_active_color_responsive": "#7FC6A4",
                                "st_hamburger_menu_icon_color_responsive_mobile": "#0B2B43",
                                "st_hamburger_menu_close_color_responsive_tablet": "#FFFFFF",
                                "st_menu_item_text_hover_color_responsive": "#7FC6A4",
                                "st_submenu_item_text_normal_color_responsive": "#0B2B43",
                                "st_submenu_item_text_hover_color_responsive": "#7FC6A4",
                                "st_submenu_item_text_active_color_responsive": "#7FC6A4",
                                "st_hamburger_menu_close_padding_responsive_tablet": {
                                    "unit": "px",
                                    "top": "10",
                                    "right": "0",
                                    "bottom": "10",
                                    "left": "0",
                                    "isLinked": false
                                },
                                "st_submenu_item_spacing_responsive": {
                                    "unit": "px",
                                    "top": "15",
                                    "right": "15",
                                    "bottom": "15",
                                    "left": "15",
                                    "isLinked": true
                                },
                                "st_hamburger_menu_icon_margin_responsive_tablet": {
                                    "unit": "px",
                                    "top": "0",
                                    "right": "0",
                                    "bottom": "0",
                                    "left": "0",
                                    "isLinked": false
                                },
                                "st_hamburger_menu_close_background_hover_background_background": "classic",
                                "st_mobile_menu_max_width_responsive_tablet": {
                                    "unit": "px",
                                    "size": 185,
                                    "sizes": []
                                },
                                "st_mobile_menu_max_width_responsive_mobile": {
                                    "unit": "px",
                                    "size": 180,
                                    "sizes": []
                                }
                            },
                            "elements": [],
                            "isInner": false,
                            "widgetType": "jkit_nav_menu",
                            "elType": "widget"
                        }
                    ],
                    "isInner": false,
                    "elType": "column"
                },
                {
                    "id": "70dc8b1c",
                    "settings": {
                        "_column_size": 33,
                        "_inline_size": 17,
                        "background_background": "classic",
                        "__globals__": {
                            "background_color": ""
                        },
                        "border_width": {
                            "unit": "px",
                            "top": "0",
                            "right": "0",
                            "bottom": "0",
                            "left": "1",
                            "isLinked": false
                        },
                        "border_color": "#DDDDDD42",
                        "padding": {
                            "unit": "px",
                            "top": "0",
                            "right": "10",
                            "bottom": "0",
                            "left": "10",
                            "isLinked": false
                        },
                        "_inline_size_tablet": 30,
                        "padding_tablet": {
                            "unit": "px",
                            "top": "10",
                            "right": "0",
                            "bottom": "10",
                            "left": "0",
                            "isLinked": false
                        },
                        "border_width_tablet": {
                            "unit": "px",
                            "top": "0",
                            "right": "0",
                            "bottom": "0",
                            "left": "0",
                            "isLinked": true
                        },
                        "_inline_size_mobile": 50,
                        "hide_mobile": "hidden-phone",
                        "align_tablet": "flex-end",
                        "margin_tablet": {
                            "unit": "px",
                            "top": "5",
                            "right": "10",
                            "bottom": "0",
                            "left": "0",
                            "isLinked": false
                        }
                    },
                    "elements": [
                        {
                            "id": "53d5e14e",
                            "settings": {
                                "text": "Get A Quote",
                                "align": "right",
                                "border_radius": {
                                    "unit": "px",
                                    "top": "0",
                                    "right": "0",
                                    "bottom": "0",
                                    "left": "0",
                                    "isLinked": true
                                },
                                "text_padding": {
                                    "unit": "px",
                                    "top": "18",
                                    "right": "32",
                                    "bottom": "18",
                                    "left": "32",
                                    "isLinked": false
                                },
                                "button_text_color": "#FFF",
                                "border_width": {
                                    "unit": "px",
                                    "top": "1",
                                    "right": "1",
                                    "bottom": "1",
                                    "left": "1",
                                    "isLinked": true
                                },
                                "border_color": "#09B6AC",
                                "hide_mobile": "hidden-phone",
                                "__globals__": {
                                    "background_color": "globals\/colors?id=70a8adf",
                                    "button_background_hover_color": "",
                                    "hover_color": "",
                                    "button_text_color": "",
                                    "border_color": "",
                                    "typography_typography": "globals\/typography?id=03a8bab"
                                },
                                "hover_color": "#001F54",
                                "button_background_hover_color": "#FFFFFF",
                                "border_border": "solid",
                                "button_hover_border_color": "#001F54"
                            },
                            "elements": [],
                            "isInner": false,
                            "widgetType": "button",
                            "elType": "widget"
                        }
                    ],
                    "isInner": false,
                    "elType": "column"
                }
            ],
            "isInner": false,
            "elType": "section"
        }
    ]
}